timestamp_ms,ecg_value
5,1985
6,1985
8,1985
10,1985
11,1985
12,1985
14,1985
15,1985
16,1985
18,1985
19,1985
21,1985
22,1985
24,1985
25,1985
27,1985
28,1985
29,1985
30,1985
32,1985
33,1985
34,1985
35,1985
37,1985
38,1985
39,1985
40,1985
41,1985
43,1985
44,1985
45,1985
47,1985
48,1985
49,1985
51,1985
52,1985
54,1985
55,1985
56,1985
58,1985
59,1985
61,1985
62,1985
63,1985
65,1985
66,1985
67,1985
68,1985
70,1985
71,1985
72,1985
74,1985
75,1985
77,1985
78,1985
80,1985
81,1985
83,1985
84,1985
85,1985
87,1985
88,1985
89,1985
90,1985
92,1985
93,1985
94,1985
95,1985
97,1985
98,1985
99,1985
100,1985
101,1985
102,1985
103,1985
104,1985
105,1985
106,1985
108,1985
109,1985
110,1985
111,1985
112,1985
114,1985
115,1985
116,1985
117,1985
118,1985
119,1985
121,1985
122,1985
123,1985
124,1985
125,1985
126,1985
127,1985
129,1985
130,1985
131,1985
132,1985
133,1985
134,1985
135,1985
137,1985
138,1985
139,1985
141,1985
142,1985
143,1985
145,1985
146,1985
147,1985
149,1985
150,1985
152,1985
153,1985
154,1985
156,1985
157,1985
159,1985
160,1985
161,1985
162,1985
164,1985
165,1985
166,1985
168,1985
451,2011
452,2032
453,2047
454,2067
456,2058
457,2045
458,2089
460,2118
461,2102
462,2057
464,1995
465,1969
467,1922
468,1886
470,1865
471,1857
473,1855
474,1884
476,1873
477,1876
478,1856
479,1838
481,1852
482,1866
483,1860
484,1858
485,1851
486,1889
487,1969
488,1989
489,1997
490,1968
491,1933
492,1872
493,1824
494,1821
495,1803
496,1797
497,1785
498,1758
499,1765
500,1767
501,1765
508,1763
516,1837
524,1850
532,1851
540,2289
548,3107
556,2630
564,1712
572,1445
580,1387
588,1564
596,1729
604,1776
612,1799
620,1825
628,1825
636,1842
644,1829
652,1854
660,1891
668,1904
676,1901
684,1913
692,1922
700,1968
708,2001
716,2039
724,2035
732,2066
740,2087
748,2078
756,2075
764,2079
772,2091
780,2027
788,1983
796,1935
804,1895
812,1862
820,1851
828,1869
836,1856
844,1846
852,1885
860,1877
868,1881
876,1841
884,1840
892,1866
900,1863
908,1851
916,1813
924,1846
932,1883
940,1863
948,1987
956,1983
964,1936
972,1897
980,1871
988,1834
996,1814
1004,1790
1012,1808
1020,1776
1028,1755
1036,1747
1044,1767
1052,1766
1060,1790
1068,1838
1076,1776
1084,2088
1092,2861
1100,2880
1108,1855
1116,1520
1124,1357
1132,1429
1140,1629
1148,1742
1156,1787
1164,1801
1172,1808
1180,1815
1188,1792
1196,1802
1204,1810
1212,1818
1220,1833
1228,1855
1236,1872
1244,1875
1252,1904
1260,1927
1268,1920
1276,1883
1284,1931
1292,1981
1300,1967
1308,1981
1316,2017
1324,1986
1332,1917
1340,1887
1348,1829
1356,1818
1364,1814
1372,1791
1380,1761
1388,1782
1396,1808
1404,1771
1412,1770
1420,1783
1428,1792
1436,1803
1444,1791
1452,1807
1460,1795
1468,1787
1476,1794
1484,1867
1492,1894
1500,1934
1508,1925
1516,1943
1524,1915
1532,1856
1540,1839
1548,1811
1556,1778
1564,1745
1572,1749
1580,1744
1588,1744
1596,1776
1604,1775
1612,1798
1620,1839
1628,1794
1636,2112
1644,2788
1652,2847
1660,1867
1668,1515
1676,1379
1684,1375
1692,1614
1700,1731
1708,1774
1716,1809
1724,1827
1732,1863
1740,1887
1748,1847
1756,1853
1764,1847
1772,1872
1780,1878
1788,1929
1796,1956
1804,1924
1812,1954
1820,1949
1828,1956
1836,1953
1844,2000
1852,2013
1860,2023
1868,2029
1876,2015
1884,1981
1892,1904
1900,1873
1908,1872
1916,1857
1924,1858
1932,1847
1940,1813
1948,1827
1956,1840
1964,1846
1972,1869
1980,1870
1988,1855
1996,1839
2004,1840
2012,1852
2020,1872
2028,1891
2036,1964
2044,1999
2052,1999
2060,1986
2068,1939
2076,1858
2084,1839
2092,1810
2100,1822
2108,1808
2116,1774
2124,1786
2132,1811
2140,1799
2148,1806
2156,1810
2164,1824
2172,1795
2180,2047
2188,2721
2196,2928
2204,1948
2212,1519
2220,1361
2228,1411
2237,1659
2244,1782
2252,1811
2260,1789
2268,1837
2276,1851
2284,1850
2292,1856
2300,1827
2308,1867
2316,1968
2324,1970
2332,1984
2340,2015
2348,2053
2356,2062
2364,2032
2372,2011
2380,1995
2388,2000
2396,1996
2404,1962
2412,1984
2420,1991
2428,1968
2436,1943
2444,1921
2452,1898
2460,1877
2468,1902
2476,1899
2484,1856
2492,1844
2500,1862
2508,1876
2516,1854
2524,1825
2532,1814
2540,1840
2548,1862
2556,1849
2564,1869
2572,1873
2580,1967
2588,2000
2596,2010
2604,2000
2612,1951
2620,1858
2628,1822
2636,1872
2644,1859
2652,1832
2660,1795
2668,1795
2676,1806
2684,1789
2692,1781
2700,1799
2708,1817
2716,1835
2724,1856
2732,2363
2740,3104
2748,2505
2756,1679
2764,1479
2772,1394
2780,1566
2788,1734
2796,1799
2804,1808
2812,1838
2820,1855
2828,1854
2836,1872
2844,1900
2852,1910
2860,1919
2868,1920
2876,1921
2884,1949
2892,1962
2900,1978
2908,1993
2916,2000
2924,2013
2932,2012
2940,2059
2948,2070
2956,2055
2964,2019
2972,2016
2980,1981
2988,1923
2996,1914
3004,1899
3012,1898
3020,1898
3028,1909
3036,1871
3044,1859
3052,1847
3060,1854
3068,1857
3076,1840
3084,1833
3092,1835
3100,1807
3108,1841
3116,1840
3124,1898
3132,1978
3140,1983
3148,2000
3156,1968
3164,1925
3172,1862
3180,1839
3188,1817
3196,1815
3204,1808
3212,1840
3220,1850
3228,1835
3236,1845
3244,1879
3252,1888
3260,1931
3268,1866
3276,2055
3284,2762
3292,3062
3300,2061
3308,1606
3316,1407
3324,1463
3332,1677
3340,1809
3348,1821
3356,1811
3364,1839
3372,1840
3380,1824
3388,1872
3396,1903
3404,1920
3412,1936
3420,1923
3428,1924
3436,1946
3444,1950
3453,1938
3461,1950
3469,1991
3477,2047
3485,2000
3493,1970
3501,1978
3509,1984
3518,1982
3526,1969
3533,1920
3542,1899
3550,1857
3558,1825
3566,1829
3574,1811
3582,1808
3590,1814
3598,1829
3606,1830
3613,1827
3622,1823
3630,1833
3638,1833
3646,1823
3654,1791
3662,1788
3670,1806
3678,1855
3686,1936
3694,1969
3701,1963
3710,1914
3717,1798
3726,1755
3734,1760
3742,1728
3750,1728
3757,1703
3766,1703
3774,1713
3782,1744
3790,1787
3798,1802
3806,1792
3814,1834
3822,1768
3830,1985
3838,2733
3846,3053
3854,2019
3862,1519
3870,1324
3877,1339
3886,1567
3894,1710
3902,1737
3910,1777
3918,1808
3926,1853
3934,1837
3942,1838
3950,1857
3958,1857
3966,1873
3974,1865
3982,1885
3990,1923
3997,1936
4005,1968
4014,1974
4021,2001
4029,2007
4037,2007
4045,2000
4052,2019
4060,2023
4068,2000
4076,1939
4085,1917
4092,1893
4101,1872
4109,1842
4117,1842
4125,1810
4133,1829
4141,1823
4150,1807
4158,1833
4166,1834
4173,1846
4182,1819
4190,1813
4198,1813
4206,1805
4214,1779
4222,1809
4230,1877
4237,1935
4246,1974
4254,1930
4262,1918
4270,1886
4278,1829
4286,1824
4294,1789
4302,1792
4310,1744
4318,1769
4326,1771
4334,1775
4342,1789
4350,1741
4358,1762
4365,1791
4374,1825
4382,2308
4390,3039
4398,2427
4406,1600
4414,1408
4422,1279
4430,1423
4438,1658
4446,1739
4454,1746
4461,1764
4469,1795
4477,1833
4485,1869
4493,1894
4502,1872
4510,1884
4518,1919
4526,1911
4534,1933
4542,2000
4549,2005
4557,1984
4565,2032
4573,2038
4581,2047
4589,2070
4597,2047
4605,2032
4613,2011
4620,1995
4628,1977
4636,1935
4644,1887
4652,1881
4660,1889
4668,1872
4676,1862
4684,1854
4692,1845
4700,1851
4708,1877
4716,1886
4725,1883
4733,1863
4740,1877
4749,1900
4756,1892
4764,1936
4772,2022
4780,2074
4788,2057
4796,2006
4804,1979
4812,1906
4820,1901
4828,1843
4836,1811
4844,1814
4852,1814
4861,1822
4868,1818
4876,1805
4885,1814
4892,1845
4900,1887
4909,1811
4917,2137
4925,2896
4933,2855
4941,1839
4950,1523
4958,1372
4966,1511
4974,1686
4982,1764
4990,1777
4997,1793
5006,1825
5014,1840
5021,1861
5029,1877
5037,1886
5045,1903
5053,1936
5062,1930
5070,1967
5078,2019
5085,2025
5093,2014
5101,2055
5109,2027
5118,2058
5125,2053
5134,2064
5141,2074
5150,2070
5158,2061
5165,2032
5174,2003
5181,1966
5190,1935
5197,1945
5206,1933
5214,1903
5222,1898
5229,1892
5238,1895
5245,1910
5254,1904
5261,1872
5270,1904
5278,1889
5286,1862
5294,1856
5302,1909
5310,1991
5317,2083
5326,2090
5333,2038
5341,1989
5350,1936
5357,1887
5366,1867
5374,1837
5382,1822
5390,1789
5398,1808
5406,1798
5414,1810
5422,1783
5430,1792
5438,1869
5446,1854
5454,1907
5462,2510
5470,3098
5478,2257
5486,1601
5494,1415
5502,1359
5510,1584
5518,1748
5526,1797
5534,1807
5542,1791
5550,1819
5557,1817
5566,1860
5574,1884
5582,1887
5590,1893
5598,1923
5606,1946
5614,1954
5622,1982
5630,1975
5638,1984
5646,2000
5654,1985
5662,1965
5670,1998
5678,2036
5686,2064
5694,2063
5702,2021
5709,1955
5718,1958
5726,1907
5734,1894
5742,1909
5750,1863
5758,1825
5766,1796
5774,1813
5782,1802
5790,1865
5798,1850
5806,1823
5814,1839
5822,1795
5830,1803
5838,1843
5846,1840
5854,1933
5862,1986
5870,2000
5878,1942
5886,1929
5894,1901
5902,1822
5909,1810
5918,1769
5926,1744
5934,1767
5942,1719
5950,1712
5957,1743
5966,1723
5974,1738
5982,1819
5990,1777
5998,1814
6006,2386
6014,3129
6022,2395
6030,1641
6038,1419
6046,1386
6053,1573
6061,1686
6069,1771
6077,1781
6085,1808
6093,1813
6101,1808
6109,1822
6117,1812
6125,1838
6133,1840
6141,1847
6149,1897
6157,1893
6165,1909
6174,1950
6182,1993
6189,1997
6198,1999
6206,1984
6214,1982
6222,2004
6230,2011
6238,2027
6246,2025
6254,1977
6262,1927
6270,1920
6278,1918
6286,1920
6294,1874
6302,1815
6310,1840
6318,1878
6326,1859
6334,1843
6342,1862
6350,1867
6358,1831
6366,1847
6374,1839
6382,1837
6390,1838
6398,1830
6406,1875
6414,1953
6422,1951
6430,1923
6438,1952
6446,1895
6454,1840
6462,1807
6470,1833
6478,1792
6486,1756
6494,1766
6502,1770
6510,1774
6518,1777
6526,1783
6534,1832
6541,1841
6550,1820
6558,2293
6566,3062
6574,2617
6582,1681
6590,1456
6598,1344
6606,1515
6614,1691
6622,1796
6630,1834
6638,1797
6646,1802
6654,1838
6662,1841
6669,1837
6677,1846
6684,1865
6692,1866
6700,1882
6708,1905
6716,1909
6724,1927
6732,1927
6740,1953
6748,1989
6756,1980
6764,2000
6772,2012
6780,2017
6788,2002
6796,1985
6804,1942
6812,1920
6820,1857
6828,1877
6836,1840
6844,1840
6852,1808
6860,1789
6868,1818
6876,1827
6884,1839
6892,1853
6900,1835
6908,1808
6916,1798
6925,1803
6932,1810
6940,1855
6948,1889
6956,1916
6964,1991
6972,1976
6980,1936
6988,1913
6996,1835
7005,1790
7012,1804
7020,1770
7028,1751
7037,1777
7044,1744
7053,1730
7060,1771
7068,1747
7077,1744
7085,1808
7093,1757
7102,1953
7110,2678
7118,2957
7126,1949
7134,1474
7141,1366
7150,1303
7158,1534
7166,1685
7173,1750
7181,1776
7190,1795
7198,1807
7206,1837
7214,1839
7222,1861
7230,1897
7238,1913
7245,1921
7253,1897
7261,1919
7269,1935
7277,1937
7285,1953
7293,1969
7301,1975
7309,1953
7317,1954
7325,1995
7334,2032
7342,2000
7350,1986
7358,1937
7366,1920
7374,1924
7382,1925
7390,1872
7398,1871
7406,1872
7414,1840
7422,1856
7430,1830
7438,1823
7445,1842
7454,1846
7462,1854
7470,1847
7477,1857
7485,1888
7493,1973
7501,2013
7509,2065
7517,2078
7525,2003
7533,1927
7541,1879
7550,1838
7557,1821
7566,1821
7574,1801
7582,1814
7590,1794
7598,1783
7606,1811
7614,1842
7622,1872
7630,1894
7638,1856
7646,2287
7654,3001
7662,2681
7670,1746
7677,1472
7686,1344
7694,1485
7702,1683
7710,1846
7718,1824
7725,1873
7734,1900
7741,1901
7750,1891
7758,1905
7766,1920
7773,1945
7781,1962
7789,1971
7797,2000
7805,2021
7813,2041
7821,2082
7829,2055
7838,2034
7846,2039
7854,2064
7861,2078
7870,2059
7877,2046
7885,2031
7894,2036
7902,1984
7910,1951
7918,1922
7926,1935
7934,1907
7941,1905
7950,1887
7958,1899
7966,1895
7974,1950
7982,1952
7990,1925
7997,1955
8006,1942
8013,1920
8021,1931
8030,2003
8037,2065
8046,2113
8054,2067
8062,2020
8070,1942
8078,1889
8086,1898
8094,1877
8102,1833
8109,1855
8118,1819
8126,1792
8134,1787
8142,1790
8150,1812
8158,1814
8166,1845
8174,1735
8182,2094
8190,2889
8198,2953
8206,1910
8214,1522
8222,1367
8230,1513
8238,1693
8246,1710
8254,1757
8261,1796
8269,1845
8277,1847
8286,1840
8294,1914
8301,1869
8309,1903
8316,1950
8324,1999
8332,1986
8341,1967
8349,2039
8357,2047
8365,2045
8373,2031
8381,2032
8389,2054
8396,2019
8405,2006
8413,2033
8421,2064
8429,2003
8437,1994
8445,1971
8453,1955
8461,1938
8470,1906
8478,1882
8486,1856
8494,1906
8502,1894
8510,1878
8518,1867
8526,1870
8533,1856
8542,1851
8550,1851
8558,1857
8565,1834
8573,1882
8581,1963
8589,2011
8597,2001
8605,1953
8613,1933
8621,1856
8629,1897
8637,1877
8645,1852
8654,1845
8662,1838
8670,1820
8678,1806
8685,1788
8693,1783
8701,1771
8709,1824
8718,1867
8726,1894
8734,2447
8742,3163
8749,2401
8757,1606
8766,1363
8774,1314
8781,1521
8789,1655
8797,1734
8805,1766
8813,1789
8822,1799
8829,1830
8837,1840
8845,1853
8853,1846
8862,1853
8870,1892
8877,1903
8886,1917
8893,2000
8901,2024
8910,2007
8918,2000
8926,2054
8934,2059
8941,2032
8949,2064
8957,2047
8966,1984
8974,2006
8982,1954
8990,1942
8997,1921
9006,1853
9013,1776
9021,1791
9030,1822
9037,1771
9045,1789
9054,1849
9062,1829
9070,1857
9078,1871
9086,1841
9093,1837
9102,1858
9110,1843
9118,1823
9125,1815
9134,1826
9141,1897
9150,1922
9157,1927
9166,1904
9173,1850
9182,1792
9190,1744
9198,1744
9206,1790
9214,1717
9222,1664
9230,1682
9238,1697
9246,1706
9254,1731
9262,1717
9270,1744
9278,1693
9286,1799
9294,2397
9301,2976
9310,2202
9318,1510
9325,1408
9334,1343
9341,1509
9350,1675
9358,1774
9366,1803
9374,1805
9382,1814
9390,1776
9398,1801
9406,1873
9414,1911
9422,1850
9430,1834
9438,1866
9446,1899
9454,1958
9461,2004
9470,2019
9478,1969
9486,1975
9494,1996
9502,2039
9510,2037
9518,2027
9526,2011
9534,2002
9542,1965
9550,1911
9558,1897
9565,1887
9574,1874
9582,1822
9590,1817
9598,1837
9605,1824
9613,1857
9622,1847
9630,1854
9638,1835
9646,1841
9654,1816
9662,1799
9670,1808
9678,1850
9686,1894
9694,1963
9702,2005
9710,2003
9718,1981
9726,1938
9734,1873
9742,1830
9750,1830
9758,1795
9766,1761
9774,1789
9782,1738
9789,1756
9798,1792
9806,1767
9814,1725
9822,1765
9830,1755
9838,2032
9846,2735
9854,2880
9862,1815
9870,1441
9878,1321
9885,1358
9893,1644
9902,1778
9909,1778
9918,1792
9926,1792
9934,1831
9942,1824
9950,1846
9958,1809
9966,1841
9974,1857
9982,1869
9990,1877
9998,1859
10006,1957
10013,1955
10021,1950
10029,1989
10037,2016
10046,2015
10054,2047
10062,2037
10069,2032
10078,2025
10086,1995
10094,1984
10102,1953
10110,1931
10118,1923
10126,1885
10134,1843
10142,1882
10150,1886
10158,1881
10166,1852
10174,1889
10182,1899
10189,1825
10198,1808
10206,1836
10213,1877
10221,1967
10230,1996
10237,1968
10246,2054
10253,2042
10261,2032
10269,1983
10277,1949
10285,1923
10292,1872
10300,1872
10308,1893
10316,1885
10324,1853
10332,1846
10340,1860
10348,1834
10356,1872
10364,1885
10372,1883
10380,2293
10388,3057
10396,2762
10404,1769
10412,1504
10420,1376
10428,1488
10436,1673
10444,1799
10452,1825
10460,1838
10468,1858
10476,1900
10484,1923
10492,1931
10501,1953
10508,1979
10516,1943
10525,1936
10533,1927
10541,1968
10549,2017
10557,2025
10566,2017
10573,2002
10581,2032
10589,2058
10597,2061
10605,2023
10613,2032
10621,2031
10629,2000
10637,1920
10645,1904
10653,1915
10661,1893
10669,1886
10677,1868
10685,1817
10693,1821
10701,1845
10709,1886
10717,1859
10726,1925
10733,1936
10741,1868
10749,1852
10757,1872
10765,1867
10773,1963
10782,2013
10789,2033
10797,1997
10805,2013
10813,1978
10821,1899
10829,1871
10837,1846
10846,1839
10853,1782
10861,1790
10869,1797
10877,1808
10885,1837
10893,1821
10901,1821
10909,1904
10917,1862
10925,2194
10933,2976
10941,2800
10949,1774
10957,1486
10965,1413
10973,1557
10981,1736
10989,1797
10998,1829
11005,1835
11014,1823
11022,1878
11029,1886
11038,1885
11045,1903
11053,1920
11061,1934
11069,1968
11078,1959
11085,1984
11094,1968
11101,1983
11110,1990
11117,1985
11125,2000
11133,2026
11142,2029
11149,1998
11158,1965
11166,1965
11173,1951
11181,1904
11189,1865
11198,1828
11205,1821
11213,1818
11222,1861
11229,1846
11238,1840
11245,1823
11253,1853
11262,1832
11270,1826
11277,1787
11285,1793
11293,1865
11301,1837
11309,1856
11317,1922
11326,1972
11334,1974
11341,2002
11350,1975
11357,1931
11366,1872
11373,1853
11382,1846
11390,1815
11398,1799
11406,1778
11413,1791
11422,1725
11430,1723
11438,1746
11446,1737
11454,1793
11462,1762
11470,1919
11478,2610
11486,3081
11494,2110
11502,1567
11510,1385
11518,1390
11526,1583
11534,1711
11542,1747
11550,1773
11558,1797
11566,1791
11574,1814
11582,1815
11590,1843
11598,1866
11606,1823
11614,1841
11621,1847
11629,1873
11637,1904
11646,1883
11654,1911
11662,1946
11669,1974
11678,1977
11686,1999
11694,2002
11702,2000
11709,1952
11717,1882
11726,1864
11734,1837
11742,1844
11749,1823
11758,1794
11766,1778
11774,1793
11782,1797
11790,1789
11798,1786
11806,1766
11814,1770
11822,1759
11830,1722
11838,1790
11846,1787
11854,1785
11862,1786
11870,1806
11878,1904
11887,1936
11893,1929
11901,1897
11910,1825
11917,1797
11925,1795
11934,1777
11941,1751
11950,1717
11958,1703
11966,1715
11973,1712
11982,1731
11990,1741
11998,1744
12005,1786
12013,1709
12021,2069
12029,2802
12037,2752
12046,1760
12053,1414
12062,1296
12070,1360
12078,1615
12086,1744
12094,1693
12101,1728
12110,1782
12117,1799
12125,1840
12134,1862
12141,1873
12150,1866
12158,1884
12165,1921
12174,1885
12182,1907
12190,1949
12198,1984
12206,1963
12214,1979
12222,1989
12230,1968
12238,2022
12246,1986
12253,1958
12262,1924
12270,1929
12278,1911
12286,1895
12293,1888
12302,1873
12310,1878
12318,1867
12326,1844
12334,1842
12342,1869
12350,1872
12358,1868
12366,1877
12374,1823
12382,1822
12390,1882
12398,1872
12406,1872
12414,1901
12422,1968
12430,2003
12438,1962
12446,1918
12454,1867
12462,1825
12470,1826
12478,1808
12486,1783
12494,1762
12502,1767
12510,1769
12518,1763
12526,1767
12534,1815
12541,1808
12550,1821
12558,1806
12566,2207
12573,2959
12582,2704
12590,1752
12598,1508
12606,1363
12614,1439
12622,1681
12630,1815
12638,1846
12645,1861
12654,1872
12662,1904
12670,1904
12678,1909
12686,1930
12694,1938
12702,1962
12710,1968
12718,1970
12726,2018
12734,2043
12742,2025
12750,1953
12758,1967
12766,2003
12774,2107
12782,2098
12790,2054
12798,2055
12806,2027
12814,2002
12822,1925
12830,1882
12838,1920
12846,1962
12854,1932
12862,1905
12869,1897
12878,1899
12886,1886
12894,1882
12902,1859
12910,1865
12917,1878
12926,1859
12933,1872
12942,1887
12949,1939
12957,2018
12966,1990
12974,1971
12982,1974
12990,1931
12997,1836
13006,1872
13014,1890
13022,1762
13030,1729
13038,1728
13046,1729
13054,1748
13062,1760
13070,1776
13078,1785
13086,1825
13093,1799
13102,1904
13110,2541
13118,3134
13126,2322
13134,1632
13142,1398
13150,1386
13158,1633
13166,1840
13174,1836
13182,1894
13189,1918
13197,1922
13205,1888
13213,1901
13221,1867
13229,1963
13237,1971
13245,1991
13252,2007
13260,2011
13268,2027
13276,2000
13284,2019
13292,2030
13300,2085
13308,2098
13316,2089
13324,2082
13332,2074
13340,2028
13348,1990
13356,1954
13364,1957
13372,1962
13381,1905
13389,1902
13397,1899
13405,1891
13413,1902
13421,1919
13429,1914
13437,1869
13445,1887
13453,1894
13461,1875
13470,1895
13478,1883
13486,1909
13494,1925
13502,1987
13510,2041
13518,2084
13526,2035
13534,2022
13542,1945
13550,1914
13558,1890
13566,1855
13574,1852
13582,1838
13590,1863
13598,1893
13606,1850
13614,1863
13622,1856
13630,1887
13638,1937
13646,1904
13654,2231
13662,3024
13670,2842
13678,1788
13686,1477
13694,1394
13702,1530
13710,1723
13718,1789
13726,1808
13734,1822
13742,1840
13750,1871
13758,1894
13766,1860
13774,1868
13782,1902
13790,1904
13798,1911
13806,1930
13814,1979
13822,1979
13830,1998
13838,2018
13846,2017
13854,2018
13862,2017
13870,2054
13878,2054
13886,2064
13894,2018
13902,1984
13910,1957
13918,1942
13926,1906
13934,1894
13942,1910
13950,1910
13958,1909
13966,1872
13974,1826
13982,1830
13990,1834
13998,1838
14005,1827
14014,1842
14021,1834
14029,1842
14037,1839
14046,1849
14053,1886
14062,1920
14070,1966
14078,1978
14086,1972
14094,1881
14102,1802
14109,1801
14118,1809
14126,1808
14134,1742
14142,1734
14150,1779
14158,1787
14166,1781
14174,1769
14182,1771
14190,1803
14198,1773
14206,2057
14214,2833
14222,2944
14230,1877
14238,1479
14246,1296
14254,1419
14262,1638
14270,1728
14278,1705
14286,1722
14294,1774
14302,1772
14310,1793
14318,1772
14326,1789
14334,1796
14342,1827
14350,1840
14358,1856
14366,1857
14374,1867
14382,1893
14390,1899
14398,1911
14406,1921
14414,1904
14422,1968
14430,1981
14437,1967
14446,1934
14454,1870
14462,1856
14470,1840
14478,1782
14486,1744
14494,1748
14502,1750
14510,1734
14518,1732
14526,1772
14534,1751
14542,1735
14550,1787
14558,1819
14566,1814
14574,1803
14582,1791
14590,1776
14598,1815
14606,1904
14614,1925
14622,1943
14630,1935
14638,1899
14646,1838
14654,1808
14662,1793
14670,1787
14678,1729
14686,1710
14694,1730
14702,1744
14710,1729
14718,1762
14726,1778
14734,1803
14742,1744
14750,1899
14758,2531
14766,3082
14774,2203
14781,1525
14790,1382
14797,1283
14805,1501
14814,1678
14822,1754
14830,1782
14838,1802
14846,1821
14854,1809
14861,1840
14870,1856
14878,1872
14885,1871
14893,1888
14901,1901
14909,1904
14917,1900
14925,1954
14933,1925
14941,1919
14949,1929
14958,1936
14965,1936
14973,1970
14981,2015
14988,2037
14996,2003
15004,1968
15012,1904
15020,1838
15028,1799
15036,1842
15044,1871
15053,1870
15060,1881
15069,1871
15077,1861
15085,1870
15092,1891
15101,1894
15109,1883
15117,1870
15125,1874
15134,1893
15142,1934
15149,1937
15158,1994
15166,2006
15174,1971
15182,1904
15190,1840
15198,1818
15206,1831
15214,1812
15222,1813
15230,1817
15238,1790
15246,1787
15254,1792
15262,1813
15270,1829
15278,1840
15286,1785
15294,2201
15302,2945
15310,2800
15318,1780
15326,1503
15334,1366
15342,1442
15350,1649
15358,1801
15366,1840
15374,1831
15382,1807
15390,1804
15398,1866
15406,1894
15414,1882
15422,1904
15430,1934
15438,1936
15446,1967
15454,1980
15462,2000
15470,2005
15478,2034
15486,2081
15494,2047
15502,2073
15510,2083
15518,2086
15526,2086
15534,2047
15542,2000
15550,1980
15558,1959
15566,1933
15574,1906
15582,1919
15590,1923
15598,1910
15606,1904
15614,1903
15621,1913
15630,1919
15638,1905
15646,1915
15653,1932
15662,1917
15670,1911
15677,1936
15686,1989
15694,2089
15702,2099
15710,2087
15718,2047
15726,1981
15734,1973
15742,1935
15750,1889
15758,1859
15766,1856
15774,1840
15782,1840
15790,1849
15798,1841
15806,1863
15814,1922
15822,1853
15830,2019
15838,2717
15846,3082
15854,2103
15862,1595
15870,1397
15878,1436
15886,1671
15894,1788
15902,1799
15910,1821
15918,1873
15926,1891
15933,1914
15942,1904
15950,1902
15958,1891
15965,1927
15973,1942
15982,1936
15990,1963
15998,1998
16006,2000
16014,2011
16022,2033
16029,2042
16038,2067
16046,2101
16054,2078
16062,2032
16070,2013
16078,1969
16086,1938
16094,1915
16102,1897
16110,1863
16118,1882
16126,1869
16134,1872
16142,1882
16150,1873
16158,1866
16165,1838
16174,1825
16182,1819
16190,1857
16198,1840
16206,1855
16214,1879
16222,1925
16230,2031
16238,2079
16246,2015
16253,1963
16262,1904
16270,1856
16278,1878
16286,1840
16294,1823
16302,1815
16310,1789
16318,1796
16326,1825
16334,1792
16342,1803
16350,1835
16358,1856
16366,1802
16374,2255
16382,3091
16390,2745
16398,1758
16406,1493
16414,1407
16422,1593
16430,1745
16438,1806
16446,1787
16454,1825
16462,1824
16470,1830
16478,1813
16486,1822
16494,1846
16502,1872
16510,1888
16518,1910
16526,1933
16534,1943
16542,1970
16550,2000
16558,1987
16566,2003
16574,2023
16582,2018
16590,2019
16598,1989
16606,1984
16614,1939
16622,1921
16630,1879
16638,1846
16646,1810
16654,1794
16662,1808
16670,1795
16678,1810
16686,1832
16694,1828
16702,1818
16710,1805
16717,1823
16726,1835
16734,1840
16742,1810
16750,1759
16758,1836
16766,1860
16774,1927
16781,1968
16790,1996
16798,1981
16806,1950
16814,1897
16822,1821
16830,1755
16838,1758
16846,1757
16854,1749
16862,1762
16870,1775
16877,1747
16886,1751
16894,1744
16902,1758
16910,1808
16918,1792
16926,2098
16934,2912
16942,2985
16950,1877
16957,1494
16966,1346
16974,1457
16982,1661
16990,1733
16998,1763
17006,1760
17013,1775
17022,1801
17029,1776
17037,1810
17046,1819
17054,1813
17062,1837
17070,1857
17078,1872
17086,1903
17094,1897
17102,1910
17109,1907
17118,1943
17126,1973
17134,2009
17142,2027
17150,1996
17158,1961
17166,1941
17174,1903
17182,1871
17190,1835
17198,1811
17206,1794
17214,1752
17222,1787
17230,1791
17238,1805
17246,1820
17254,1803
17262,1828
17270,1807
17278,1770
17286,1794
17294,1798
17302,1796
17310,1772
17318,1799
17326,1873
17334,1925
17342,1945
17350,1906
17358,1913
17366,1854
17374,1810
17381,1802
17390,1750
17398,1737
17405,1724
17414,1728
17422,1714
17430,1726
17438,1739
17446,1746
17454,1776
17462,1770
17470,1819
17478,2309
17486,2977
17494,2442
17502,1584
17510,1417
17518,1271
17526,1425
17534,1648
17542,1759
17550,1749
17558,1786
17566,1810
17574,1824
17582,1829
17590,1857
17598,1850
17606,1872
17614,1904
17622,1886
17630,1875
17638,1948
17646,1930
17654,1930
17662,1965
17670,1979
17678,1962
17686,1973
17694,1971
17702,1980
17710,1958
17718,1953
17726,1937
17734,1899
17742,1856
17750,1849
17758,1810
17766,1826
17774,1839
17782,1817
17790,1815
17798,1854
17806,1825
17814,1841
17822,1857
17830,1850
17838,1857
17846,1872
17854,1866
17862,1895
17870,2001
17878,2034
17886,2082
17894,2041
17902,2002
17910,1935
17918,1922
17926,1846
17934,1829
17942,1834
17950,1840
17958,1839
17966,1847
17974,1840
17981,1840
17990,1847
17998,1901
18006,1869
18013,1936
18021,2491
18029,3195
18037,2451
18046,1674
18053,1488
18061,1435
18069,1641
18077,1776
18085,1851
18093,1878
18101,1887
18108,1926
18117,1917
18125,1940
18133,1969
18140,1947
18149,1951
18157,2009
18165,2012
18173,2007
18181,2029
18189,2032
18198,2043
18206,2041
18214,2069
18222,2079
18230,2097
18238,2075
18246,2055
18254,2038
18262,2033
18270,1995
18278,1949
18286,1923
18294,1906
18302,1887
18310,1872
18318,1872
18326,1906
18334,1909
18342,1899
18350,1888
18358,1875
18366,1911
18374,1927
18382,1916
18389,1893
18398,1893
18406,1905
18414,1973
18422,2000
18430,2062
18438,1995
18446,1978
18454,1909
18462,1891
18469,1888
18477,1853
18486,1839
18494,1833
18502,1808
18510,1808
18518,1819
18526,1817
18534,1817
18542,1879
18550,1856
18558,1855
18566,2315
18574,3071
18582,2615
18590,1728
18598,1474
18606,1390
18614,1581
18622,1733
18630,1774
18638,1808
18646,1826
18654,1840
18662,1840
18670,1863
18678,1891
18686,1909
18694,1892
18702,1891
18710,1919
18718,1933
18726,1933
18734,1968
18742,1975
18750,2014
18758,2015
18766,2023
18774,2057
18782,2067
18790,2033
18798,2035
18806,2021
18814,1968
18821,1941
18830,1921
18838,1899
18846,1861
18854,1898
18862,1829
18870,1799
18878,1807
18886,1805
18894,1790
18902,1810
18910,1823
18918,1820
18926,1904
18934,1904
18942,1870
18950,1888
18958,1902
18966,1999
18974,2085
18982,2077
18990,2005
18998,2019
19006,1936
19014,1911
19022,1878
19030,1854
19038,1834
19046,1817
19054,1799
19062,1782
19070,1811
19078,1855
19086,1855
19094,1907
19102,1904
19110,1909
19118,2410
19126,3205
19134,2598
19142,1752
19150,1515
19158,1405
19166,1616
19174,1744
19182,1777
19190,1791
19198,1823
19206,1856
19214,1859
19222,1867
19230,1888
19238,1886
19246,1898
19254,1873
19262,1929
19270,1930
19278,1907
19286,1906
19294,1943
19302,1974
19310,1974
19318,1949
19326,1949
19333,1952
19341,1974
19350,2030
19358,1995
19366,1970
19373,1965
19382,1884
19389,1861
19396,1870
19404,1878
19412,1885
19420,1911
19428,1875
19436,1859
19444,1855
19453,1863
19460,1847
19468,1843
19476,1858
19484,1835
19492,1824
19500,1845
19508,1840
19516,1855
19524,1862
19532,1951
19540,1946
19548,1969
19556,1919
19564,1898
19572,1835
19580,1855
19588,1819
19596,1805
19604,1780
19612,1767
19620,1793
19628,1787
19636,1792
19644,1776
19652,1760
19660,1813
19668,1762
19676,1870
19684,2481
19692,3071
19700,2208
19708,1460
19716,1305
19724,1323
19732,1530
19740,1675
19748,1761
19756,1762
19765,1735
19772,1781
19780,1808
19788,1807
19796,1793
19804,1835
19812,1843
19820,1856
19828,1860
19836,1872
19844,1917
19853,1959
19860,1909
19869,1901
19876,1903
19885,1945
19893,1939
19901,1905
19909,1941
19918,1947
19926,1928
19933,1859
19941,1802
19950,1788
19958,1749
19965,1743
19974,1719
19982,1723
19990,1701
19997,1678
20006,1702
20014,1714
20022,1746
20030,1734
20037,1731
20045,1769
20053,1780
20061,1774
20069,1770
20077,1847
20085,1920
20093,1974
20101,1923
20109,1917
20117,1907
20125,1850
20133,1840
20141,1778
20149,1808
20157,1775
20165,1790
20172,1802
20180,1776
20188,1765
20197,1787
20205,1794
20213,1860
20221,1839
20229,2000
20237,2651
20245,2999
20253,2009
20261,1474
20269,1362
20277,1344
20286,1573
20294,1715
20301,1766
20309,1723
20317,1729
20325,1773
20333,1813
20341,1807
20349,1808
20356,1856
20364,1872
20372,1891
20380,1921
20388,1963
20396,1962
20404,1979
20412,1978
20420,2005
20428,2035
20436,2043
20444,2039
20452,2020
20460,2034
20468,2032
20476,2011
20484,1961
20492,1926
20500,1915
20508,1900
20516,1879
20524,1880
20532,1846
20540,1861
20549,1867
20556,1883
20564,1900
20573,1872
20581,1852
20588,1866
20596,1876
20605,1905
20613,1895
20621,1920
20629,1986
20637,2023
20646,2047
20654,2032
20661,2015
20669,1936
20677,1897
20686,1909
20694,1868
20701,1851
20709,1824
20717,1835
20725,1847
20734,1841
20742,1837
20750,1840
20758,1879
20766,1906
20774,1892
20782,2318
20790,3041
20798,2675
20806,1729
20814,1525
20822,1370
20830,1506
20838,1733
20846,1829
20853,1850
20862,1858
20870,1881
20878,1916
20886,1903
20894,1909
20901,1930
20910,1950
20918,1985
20926,2002
20934,1986
20941,2007
20949,2007
20958,2047
20966,2089
20974,2083
20982,2087
20990,2108
20998,2128
21006,2109
21013,2095
21022,2094
21029,2054
21037,2032
21046,1997
21054,1977
21061,1943
21069,1925
21077,1911
21085,1936
21093,1966
21101,1947
21110,1982
21118,1984
21125,1994
21134,1974
21142,1974
21149,1955
21157,1914
21165,1999
21173,2041
21182,2055
21189,2069
21197,2002
21205,1962
21214,1915
21222,1872
21230,1857
21238,1830
21246,1793
21254,1757
21262,1777
21270,1798
21278,1805
21286,1795
21294,1840
21302,1917
21310,1793
21318,1982
21326,2717
21334,3097
21342,2047
21350,1588
21358,1325
21366,1429
21374,1685
21382,1743
21390,1734
21398,1776
21406,1766
21414,1814
21422,1843
21430,1888
21438,1891
21446,1890
21453,1923
21462,1941
21470,1966
21477,1968
21486,1985
21494,1973
21502,2000
21510,1920
21518,1950
21526,1961
21534,2000
21542,2089
21549,2047
21558,2011
21566,1981
21574,1966
21582,1931
21590,1918
21598,1951
21605,1907
21614,1868
21622,1864
21630,1872
21638,1876
21646,1877
21654,1867
21662,1865
21670,1853
21678,1851
21686,1868
21694,1847
21702,1852
21709,1935
21718,2003
21726,1995
21734,1994
21742,1985
21750,1899
21757,1871
21766,1889
21774,1844
21782,1779
21790,1693
21798,1765
21806,1802
21814,1779
21822,1782
21830,1767
21838,1762
21846,1840
21854,1772
21862,2013
21870,2839
21877,2893
21886,1857
21894,1499
21902,1360
21910,1488
21918,1655
21926,1761
21933,1751
21941,1790
21949,1770
21958,1801
21965,1840
21973,1803
21981,1837
21989,1893
21997,1887
22005,1792
22014,1813
22021,1849
22030,1853
22037,1879
22046,1901
22054,1922
22062,1907
22069,1890
22078,1927
22086,1910
22094,1898
22102,1882
22110,1865
22118,1814
22126,1792
22134,1758
22142,1747
22150,1734
22158,1739
22166,1733
22174,1744
22181,1769
22190,1874
22198,1866
22205,1851
22213,1863
22221,1885
22230,1871
22238,1853
22246,1920
22254,1950
22262,1968
22269,2021
22278,2028
22286,1958
22294,1903
22302,1854
22310,1862
22318,1795
22326,1772
22334,1797
22342,1785
22350,1799
22358,1783
22366,1785
22374,1789
22382,1792
22390,1866
22398,1797
22406,2202
22414,2980
22422,2752
22430,1776
22438,1461
22446,1317
22453,1442
22462,1645
22469,1776
22478,1808
22485,1796
22494,1813
22502,1805
22510,1837
22518,1869
22526,1911
22534,1931
22542,1905
22550,1909
22558,1925
22566,1957
22573,1994
22582,1987
22590,1990
22598,1997
22606,1996
22613,2003
22622,2025
22630,1999
22638,1991
22646,1976
22654,1984
22662,1939
22670,1914
22678,1870
22686,1815
22693,1823
22702,1856
22710,1842
22718,1833
22726,1843
22734,1855
22742,1831
22750,1818
22758,1815
22766,1805
22774,1808
22781,1811
22790,1874
22798,1918
22806,1963
22814,1985
22822,1972
22829,1866
22837,1740
22846,1744
22853,1795
22862,1754
22870,1741
22878,1770
22886,1743
22894,1775
22902,1770
22910,1789
22918,1838
22926,1876
22934,1803
22942,2089
22950,2800
22958,2905
22966,1899
22973,1488
22981,1370
22989,1371
22998,1603
23005,1744
23014,1807
23021,1833
23030,1837
23037,1851
23045,1887
23054,1889
23062,1904
23070,1931
23078,1926
23086,1910
23094,1930
23101,1988
23110,2001
23118,2000
23126,2000
23134,2030
23141,2027
23150,2064
23157,2041
23165,2035
23173,2041
23182,2013
23189,1969
23197,1950
23205,1922
23214,1881
23222,1866
23230,1850
23237,1838
23245,1840
23252,1854
23260,1824
23268,1801
23276,1779
23284,1840
23292,1830
23300,1826
23308,1858
23316,1871
23324,1949
23332,2037
23340,2091
23348,2097
23356,2107
23364,2028
23372,1936
23380,1920
23388,1905
23396,1883
23404,1874
23412,1853
23421,1853
23428,1851
23437,1852
23445,1872
23453,1904
23461,1901
23469,1834
23478,1971
23486,2663
23494,3123
23502,2166
23510,1610
23518,1412
23526,1395
23533,1580
23542,1725
23550,1779
23558,1808
23566,1834
23574,1838
23582,1857
23590,1867
23598,1886
23606,1858
23614,1879
23622,1882
23630,1898
23638,1941
23646,1971
23654,2006
23662,1983
23670,2001
23677,1984
23686,1975
23694,2013
23702,2047
23710,2032
23718,1987
23726,1979
23733,1942
23742,1952
23750,1874
23758,1806
23766,1830
23774,1829
23782,1823
23790,1840
23798,1840
23806,1853
23814,1824
23822,1826
23830,1878
23838,1846
23846,1844
23854,1835
23862,1872
23870,1921
23878,2011
23886,1999
23894,2007
23902,2003
23910,1935
23918,1924
23926,1882
23934,1842
23942,1856
23950,1835
23958,1843
23966,1819
23974,1808
23982,1777
23990,1822
23998,1824
24006,1882
24013,1825
24022,2032
24029,2799
24037,2966
24046,1963
24054,1559
24062,1392
24070,1488
24078,1680
24086,1777
24094,1807
24102,1819
24110,1831
24118,1833
24126,1872
24133,1894
24141,1930
24149,1905
24157,1909
24165,1926
24173,1923
24180,1936
24188,1984
24196,2035
24204,2047
24212,2042
24220,2017
24228,2069
24236,2069
24244,2069
24252,2066
24260,2070
24268,2006
24276,1952
24284,1936
24292,1893
24300,1867
24308,1874
24316,1857
24324,1847
24332,1849
24340,1840
24348,1830
24356,1840
24364,1818
24372,1840
24380,1810
24388,1818
24396,1821
24404,1827
24412,1852
24420,1915
24428,1989
24436,1981
24444,1985
24452,1955
24461,1910
24468,1868
24476,1839
24484,1826
24493,1797
24500,1789
24508,1737
24517,1762
24525,1763
24533,1744
24541,1722
24550,1774
24558,1830
24566,1808
24574,2245
24582,3023
24590,2525
24598,1671
24606,1445
24614,1303
24622,1519
24629,1713
24638,1776
24646,1712
24654,1708
24662,1770
24670,1782
24678,1827
24686,1825
24693,1866
24702,1891
24710,1851
24718,1858
24726,1872
24734,1917
24741,1943
24749,1972
24757,2011
24764,1982
24773,1973
24781,2001
24789,2021
24797,2023
24805,2003
24814,1970
24822,1943
24829,1890
24838,1840
24846,1852
24854,1865
24861,1866
24870,1803
24878,1808
24886,1803
24894,1806
24902,1827
24909,1815
24918,1782
24926,1818
24934,1809
24942,1822
24949,1851
24958,1833
24966,1856
24974,1860
24982,1926
24990,1977
24998,1954
25006,1951
25014,1894
25021,1851
25030,1824
25037,1761
25046,1727
25053,1744
25061,1744
25069,1732
25077,1738
25085,1730
25093,1744
25101,1744
25109,1791
25117,1764
25125,2117
25133,2861
25141,2775
25149,1751
25157,1447
25165,1318
25173,1399
25181,1680
25188,1782
25196,1803
25204,1855
25212,1873
25220,1862
25229,1862
25236,1898
25245,1913
25253,1918
25261,1924
25269,1929
25277,1984
25285,2015
25293,2011
25301,2046
25310,2026
25318,2042
25325,2079
25334,2085
25342,2064
25350,2055
25358,2017
25366,2004
25374,1987
25382,1920
25390,1903
25398,1871
25406,1840
25414,1840
25422,1874
25430,1899
25438,1840
25446,1840
25453,1856
25462,1866
25470,1869
25478,1851
25485,1845
25494,1872
25502,1878
25510,1871
25517,1919
25526,1951
25533,2002
25542,2023
25550,2000
25558,1979
25566,1910
25574,1907
25582,1872
25590,1845
25598,1831
25606,1823
25614,1805
25622,1824
25630,1826
25638,1844
25646,1840
25654,1841
25662,1825
25669,2018
25678,2695
25686,3040
25694,2036
25701,1570
25709,1411
25718,1394
25726,1643
25733,1771
25742,1826
25750,1840
25758,1871
25766,1886
25774,1887
25781,1918
25790,1955
25798,1987
25805,1989
25814,1975
25822,1985
25830,1999
25838,2000
25846,2009
25854,2046
25862,2064
25870,2060
25878,2069
25886,2102
25894,2109
25902,2063
25910,2029
25918,2000
25926,1991
25934,1946
25942,1920
25950,1904
25958,1905
25966,1883
25974,1874
25982,1867
25990,1867
25997,1872
26006,1869
26013,1851
26021,1840
26029,1865
26037,1875
26046,1843
26054,1850
26062,1917
26070,1951
26078,1975
26086,1990
26094,1974
26102,1903
26110,1823
26118,1858
26126,1830
26134,1822
26142,1777
26150,1770
26157,1781
26166,1809
26174,1782
26182,1757
26190,1793
26198,1809
26206,1781
26214,2023
26222,2759
26230,2933
26238,1883
26245,1492
26254,1344
26262,1429
26269,1668
26278,1758
26286,1762
26293,1761
26301,1810
26309,1830
26317,1809
26326,1808
26334,1843
26342,1850
26350,1845
26358,1881
26366,1915
26374,1953
26382,2001
26390,1998
26398,2019
26406,2062
26414,2064
26422,2075
26430,2096
26438,2094
26446,2026
26453,2027
26462,2039
26470,1958
26478,1905
26486,1898
26494,1873
26502,1879
26510,1883
26518,1834
26526,1837
26534,1831
26542,1840
26549,1843
26558,1838
26566,1849
26574,1838
26582,1851
26590,1822
26598,1776
26606,1830
26614,1931
26622,1969
26630,1965
26638,1938
26646,1921
26654,1905
26662,1874
26670,1853
26678,1825
26686,1808
26694,1772
26702,1771
26710,1747
26718,1766
26726,1753
26734,1727
26742,1737
26750,1780
26758,1711
26766,1997
26774,2735
26782,2822
26790,1823
26798,1456
26806,1328
26814,1455
26822,1648
26830,1751
26838,1718
26846,1759
26854,1826
26862,1842
26870,1793
26878,1822
26885,1862
26894,1889
26902,1906
26910,1934
26918,1931
26926,1930
26934,1878
26942,1894
26950,1964
26958,2023
26966,2029
26974,2078
26982,2087
26990,2067
26998,2054
27006,2037
27013,1980
27021,1965
27030,1936
27038,1872
27046,1866
27054,1867
27061,1840
27070,1834
27078,1851
27086,1833
27094,1835
27102,1867
27110,1859
27118,1837
27126,1835
27134,1831
27142,1811
27150,1815
27158,1801
27166,1845
27173,1927
27182,1935
27190,1942
27198,1907
27206,1866
27214,1868
27222,1826
27230,1801
27238,1803
27248,1776
27253,1767
27261,1767
27269,1751
27278,1767
27286,1792
27294,1786
27302,1838
27310,1808
27318,1839
27326,2432
27334,3175
27342,2427
27350,1584
27358,1385
27366,1307
27374,1501
27382,1699
27390,1741
27398,1804
27405,1822
27414,1790
27422,1823
27430,1808
27438,1796
27446,1849
27453,1847
27462,1831
27470,1867
27478,1872
27486,1859
27494,1885
27502,1922
27510,1911
27518,1909
27526,1953
27534,1988
27542,1968
27550,1982
27558,1967
27566,1965
27574,1935
27582,1865
27590,1838
27598,1794
27606,1776
27614,1805
27622,1809
27630,1791
27638,1785
27646,1777
27654,1758
27662,1761
27670,1743
27678,1771
27686,1793
27694,1789
27702,1803
27710,1809
27718,1808
27726,1858
27734,1872
27742,1906
27750,1895
27758,1897
27766,1829
27774,1822
27782,1809
27790,1746
27798,1719
27806,1741
27813,1718
27822,1692
27830,1720
27838,1687
27846,1668
27854,1725
27862,1726
27870,1789
27878,2303
27886,3008
27894,2533
27902,1648
27910,1452
27918,1283
27926,1424
27934,1637
27942,1797
27950,1830
27958,1823
27966,1846
27974,1851
27982,1832
27990,1835
27998,1866
28006,1870
28013,1891
28021,1923
28029,1935
28037,1950
28046,2015
28054,2011
28062,2011
28070,1992
28078,2032
28086,2053
28094,2043
28102,2039
28110,2074
28118,2047
28126,1965
28134,1923
28142,1916
28150,1911
28158,1932
28166,1877
28174,1859
28182,1843
28190,1845
28198,1850
28206,1883
28214,1885
28222,1911
28230,1936
28238,1942
28246,1936
28254,1919
28262,1947
28269,1994
28277,2034
28285,2066
28293,2014
28301,1991
28309,1919
28317,1881
28326,1849
28334,1807
28342,1781
28350,1793
28358,1802
28366,1795
28374,1771
28382,1799
28390,1808
28398,1856
28406,1822
28414,1877
28422,2378
28430,3071
28438,2444
28446,1642
28454,1469
28462,1349
28470,1534
28478,1721
28485,1794
28493,1818
28501,1836
28510,1875
28518,1917
28526,1968
28534,1985
28542,1974
28550,1969
28558,1991
28566,2027
28574,2041
28582,2062
28590,2044
28598,2064
28606,2070
28614,2080
28622,2090
28630,2086
28638,2090
28646,2096
28654,2097
28662,2037
28670,1974
28678,1942
28686,1918
28694,1890
28702,1856
28710,1891
28718,1933
28726,1937
28734,1922
28742,1907
28750,1903
28758,1898
28766,1909
28774,1903
28782,1901
28790,1854
28798,1879
28806,1959
28814,2015
28822,2061
28830,2069
28838,2035
28846,2013
28854,1947
28862,1936
28870,1875
28878,1840
28886,1841
28894,1830
28902,1775
28910,1801
28918,1747
28926,1792
28934,1825
28942,1893
28950,1854
28958,1991
28965,2670
28974,3147
28982,2159
28990,1605
28998,1418
29006,1412
29013,1642
29021,1797
29030,1805
29037,1808
29046,1807
29054,1852
29062,1895
29070,1904
29078,1929
29086,1915
29094,1920
29102,1951
29110,1929
29118,1894
29126,1936
29134,1991
29142,2033
29150,2026
29157,2034
29165,2032
29173,2077
29181,2080
29189,2043
29196,2017
29204,1967
29212,1937
29220,1915
29228,1922
29236,1854
29244,1843
29252,1840
29260,1883
29268,1878
29277,1890
29285,1888
29293,1887
29300,1872
29308,1904
29317,1927
29325,1913
29333,1902
29341,1886
29349,1909
29358,1969
29366,2005
29374,2000
29382,2005
29390,1991
29398,1910
29406,1872
29414,1857
29422,1792
29430,1746
29438,1775
29446,1799
29453,1797
29462,1776
29470,1792
29478,1829
29486,1857
29494,1839
29502,1835
29509,2284
29518,3098
29526,2679
29534,1731
29542,1473
29550,1382
29558,1573
29566,1721
29574,1787
29582,1794
29590,1841
29598,1861
29606,1879
29614,1826
29622,1841
29630,1882
29638,1904
29646,1911
29654,1908
29662,1966
29670,1993
29677,2011
29685,2005
29693,2026
29702,2047
29710,2076
29718,2069
29726,2108
29734,2098
29742,2065
29750,2034
29758,1984
29766,1950
29774,1906
29782,1876
29790,1877
29798,1887
29806,1867
29814,1840
29822,1853
29830,1840
29838,1872
29846,1870
29854,1847
29862,1863
29870,1826
29878,1811
29886,1808
29894,1830
29902,1861
29910,1907
29918,1963
29926,1957
29934,1879
29942,1889
29950,1879
29958,1839
29966,1790
29974,1822
29982,1776
29990,1714
29997,1763
30006,1753
30013,1750
30021,1738
30030,1795
30038,1825
30046,1783
30054,1788
30062,2320
30070,3109
30078,2480
30086,1617
30094,1413
30102,1312
30110,1497
30118,1664
30126,1775
30134,1786
30142,1799
30150,1803
30158,1792
30166,1782
30174,1783
30182,1808
30190,1814
30198,1808
30206,1831
30214,1831
30222,1866
30230,1909
30238,1936
30246,1941
30254,1949
30262,1951
30270,1973
30278,1968
30285,1971
30294,1938
30301,1915
30310,1867
30318,1828
30326,1808
30334,1759
30342,1712
30350,1742
30358,1746
30366,1738
30374,1738
30382,1739
30390,1763
30398,1799
30406,1779
30414,1770
30422,1767
30430,1782
30438,1803
30446,1796
30454,1845
30462,1905
30470,1968
30478,1904
30486,1911
30494,1890
30502,1811
30510,1781
30518,1766
30526,1678
30534,1680
30542,1678
30550,1641
30558,1674
30566,1713
30574,1718
30582,1735
30590,1734
30598,1759
30606,2246
30614,2975
30622,2467
30630,1614
30638,1450
30646,1315
30654,1444
30662,1638
30670,1750
30678,1747
30686,1781
30694,1793
30702,1836
30710,1857
30718,1825
30726,1829
30734,1903
30742,1901
30750,1923
30758,1936
30766,1952
30774,1968
30782,1968
30790,1997
30798,2009
30806,2003
30814,2005
30822,2020
30830,2033
30838,2007
30846,1983
30854,1920
30862,1907
30870,1894
30878,1904
30886,1855
30894,1829
30902,1877
30910,1882
30918,1831
30926,1837
30934,1865
30942,1888
30950,1921
30958,1917
30966,1877
30974,1891
30982,1919
30990,1949
30998,2061
31006,2142
31014,2091
31021,2034
31029,2033
31038,1967
31046,1921
31054,1873
31062,1837
31070,1786
31078,1845
31086,1869
31094,1855
31102,1839
31110,1829
31118,1843
31126,1882
31134,1858
31142,2245
31150,2953
31158,2852
31166,1862
31174,1567
31182,1358
31190,1430
31198,1695
31206,1808
31214,1837
31222,1850
31230,1859
31238,1865
31246,1898
31254,1940
31262,1949
31270,1951
31278,1921
31286,1954
31294,2028
31301,1993
31310,2006
31318,2015
31326,2032
31334,2043
31342,2064
31350,2090
31358,2092
31366,2075
31373,2063
31382,2033
31390,2014
31398,1985
31406,1947
31414,1903
31422,1898
31430,1904
31438,1873
31446,1867
31454,1920
31461,1904
31470,1840
31478,1865
31486,1887
31494,1899
31502,1895
31510,1904
31518,1911
31526,1979
31534,2069
31542,2102
31550,2065
31558,2033
31566,1971
31574,1949
31582,1925
31590,1898
31598,1855
31606,1823
31614,1835
31622,1856
31629,1840
31638,1840
31646,1899
31654,1891
31662,1911
31670,1847
31678,2227
31686,3014
31694,2769
31702,1796
31710,1529
31717,1408
31726,1535
31734,1759
31742,1830
31750,1822
31758,1827
31766,1855
31774,1889
31782,1937
31790,1921
31798,1918
31806,1933
31814,1933
31822,1955
31830,1969
31838,1974
31846,1984
31854,1999
31862,2019
31870,2044
31878,2081
31886,2086
31894,2081
31902,2071
31910,2045
31918,2057
31926,2006
31934,1957
31942,1931
31950,1878
31958,1856
31966,1851
31974,1862
31982,1870
31990,1851
31998,1852
32006,1867
32013,1855
32021,1885
32029,1871
32037,1889
32045,1911
32054,1910
32062,1895
32070,1984
32078,2045
32086,2035
32094,2007
32102,1964
32110,1904
32118,1890
32126,1878
32134,1847
32141,1843
32150,1842
32158,1829
32166,1819
32174,1806
32182,1806
32190,1839
32198,1909
32206,1894
32214,1881
32221,2506
32230,3245
32238,2432
32246,1712
32254,1479
32262,1477
32270,1680
32278,1749
32286,1770
32294,1779
32301,1827
32310,1822
32318,1843
32326,1904
32333,1872
32342,1885
32350,1904
32358,1920
32366,1926
32374,1953
32382,1936
32390,1946
32398,1965
32406,1975
32414,1988
32422,1985
32430,2015
32438,2019
32446,1989
32454,1921
32462,1884
32470,1864
32478,1838
32486,1821
32494,1818
32502,1808
32510,1811
32518,1785
32526,1781
32534,1789
32542,1786
32550,1822
32558,1799
32566,1759
32574,1777
32582,1799
32590,1811
32598,1818
32606,1791
32614,1846
32622,1908
32630,1962
32638,1968
32646,1923
32654,1888
32662,1840
32670,1793
32678,1751
32686,1716
32694,1712
32701,1696
32710,1696
32718,1748
32726,1743
32734,1728
32742,1739
32750,1775
32758,1705
32766,1919
32774,2617
32782,2979
32790,1985
32798,1456
32806,1340
32814,1293
32822,1531
32830,1675
32838,1707
32846,1719
32854,1726
32862,1748
32869,1787
32878,1776
32886,1808
32894,1815
32902,1839
32910,1834
32918,1847
32926,1841
32934,1858
32942,1903
32950,1914
32958,1914
32966,1935
32974,1933
32982,1949
32990,1982
32998,1931
33006,1918
33014,1890
33022,1850
33029,1834
33037,1829
33045,1789
33054,1771
33062,1786
33071,1798
33078,1789
33086,1793
33094,1776
33102,1791
33110,1791
33118,1776
33126,1750
33134,1767
33142,1776
33150,1794
33158,1866
33166,1882
33174,1959
33182,1931
33189,1899
33197,1873
33206,1830
33213,1802
33222,1801
33229,1782
33238,1770
33245,1740
33253,1735
33261,1764
33268,1787
33276,1757
33284,1787
33292,1815
33300,1808
33308,2259
33316,3004
33324,2728
33332,1712
33340,1473
33348,1367
33356,1452
33364,1643
33372,1769
33380,1825
33388,1844
33398,1847
33406,1856
33414,1907
33422,1922
33430,1886
33438,1927
33446,1954
33454,1965
33462,1975
33470,1981
33478,2025
33486,2031
33494,2011
33502,2028
33510,2080
33518,2118
33526,2101
33534,2077
33542,2057
33550,2024
33558,1996
33566,1942
33574,1933
33582,1920
33590,1874
33598,1847
33605,1874
33614,1889
33622,1888
33630,1904
33638,1894
33646,1871
33654,1876
33662,1859
33670,1856
33678,1865
33686,1876
33694,1936
33702,2006
33710,2032
33718,2044
33726,1999
33734,1991
33742,1934
33750,1921
33758,1879
33766,1858
33774,1856
33782,1840
33790,1847
33798,1821
33806,1781
33814,1821
33822,1859
33830,1877
33838,1793
33846,2064
33854,2814
33862,3005
33870,1973
33878,1554
33886,1389
33894,1483
33902,1701
33910,1777
33918,1798
33926,1863
33934,1890
33942,1872
33950,1899
33958,1909
33966,1909
33974,1921
33982,1930
33990,1986
33998,2013
34006,2029
34013,2084
34021,2054
34030,2064
34037,2103
34046,2110
34054,2099
34062,2081
34070,2062
34078,2026
34086,1983
34094,1988
34102,1987
34110,1938
34118,1908
34126,1873
34134,1856
34142,1878
34150,1875
34158,1850
34166,1863
34174,1856
34182,1844
34190,1803
34198,1811
34206,1840
34214,1851
34222,1847
34230,1895
34238,1955
34246,1997
34254,2029
34262,2036
34270,2017
34278,1941
34286,1868
34294,1863
34302,1840
34310,1795
34318,1789
34326,1776
34334,1779
34342,1777
34350,1799
34358,1766
34366,1815
34374,1841
34382,1803
34390,2250
34398,3042
34406,2668
34414,1775
34422,1494
34430,1369
34438,1535
34446,1729
34454,1798
34462,1794
34470,1837
34478,1843
34486,1849
34494,1878
34502,1904
34510,1897
34518,1906
34526,1874
34534,1913
34541,1946
34550,1898
34558,1921
34566,1918
34574,1950
34582,2032
34590,2031
34598,1959
34606,1951
34614,1945
34622,1920
34630,1870
34638,1833
34646,1813
34654,1763
34662,1738
34670,1721
34678,1738
34686,1748
34694,1746
34702,1773
34710,1761
34718,1790
34726,1791
34734,1783
34742,1748
34750,1776
34758,1812
34766,1823
34774,1841
34782,1891
34790,1967
34798,1990
34806,1942
34814,1904
34822,1830
34830,1808
34838,1782
34846,1742
34854,1740
34862,1729
34870,1744
34878,1735
34886,1770
34894,1771
34902,1790
34910,1920
34918,1925
34926,1978
34934,2645
34942,3278
34950,2329
34958,1699
34966,1487
34973,1452
34982,1712
34990,1856
34998,1868
35006,1859
35013,1885
35022,1819
35029,1872
35038,1877
35046,1885
35053,1907
35061,1906
35069,1887
35077,1904
35085,1901
35093,1905
35101,1959
35109,2022
35117,2055
35126,2055
35134,2068
35142,2083
35150,2085
35158,2083
35166,2017
35174,1966
35182,1943
35190,1923
35198,1915
35206,1900
35214,1886
35222,1885
35229,1888
35237,1893
35246,1911
35253,1931
35262,1906
35270,1904
35278,1894
35285,1872
35293,1872
35301,1874
35309,1871
35317,1904
35325,1939
35332,1974
35340,1995
35348,1955
35356,1965
35364,1901
35372,1875
35380,1846
35389,1815
35397,1759
35404,1744
35412,1758
35420,1776
35429,1799
35436,1790
35445,1776
35453,1798
35461,1714
35470,1943
35478,2647
35486,3071
35494,2085
35502,1518
35510,1363
35518,1309
35526,1526
35534,1696
35542,1770
35550,1788
35558,1791
35566,1819
35573,1826
35582,1839
35590,1863
35598,1872
35606,1858
35614,1862
35622,1887
35630,1921
35638,1904
35646,1935
35654,1970
35661,1974
35670,1973
35678,1972
35686,1990
35694,2001
35702,1959
35709,1951
35718,1949
35726,1917
35734,1907
35742,1887
35750,1846
35758,1829
35766,1817
35774,1813
35782,1827
35790,1837
35798,1827
35805,1811
35814,1808
35822,1802
35830,1823
35838,1819
35846,1836
35853,1817
35862,1923
35870,1957
35878,2000
35885,1984
35894,1923
35902,1877
35910,1830
35918,1811
35926,1823
35934,1792
35942,1808
35950,1790
35958,1757
35966,1778
35974,1793
35982,1794
35990,1839
35997,1794
36006,1918
36013,2513
36021,3115
36029,2256
36037,1559
36045,1439
36054,1345
36062,1534
36070,1729
36078,1799
36086,1812
36094,1839
36101,1873
36110,1866
36118,1875
36126,1893
36133,1905
36142,1909
36150,1933
36158,1942
36166,1978
36174,1985
36182,1995
36190,2015
36198,2027
36206,2047
36213,2037
36221,2057
36230,2064
36238,2054
36246,2035
36254,2006
36262,1936
36270,1907
36278,1889
36286,1875
36294,1850
36302,1823
36310,1839
36318,1840
36325,1842
36334,1813
36341,1843
36350,1869
36358,1873
36366,1901
36374,1879
36382,1889
36389,1865
36398,1881
36406,1936
36414,2002
36422,2021
36430,1973
36438,1959
36446,1929
36454,1856
36462,1819
36470,1793
36478,1792
36486,1776
36494,1789
36502,1791
36510,1777
36518,1792
36526,1781
36534,1799
36542,1834
36550,1786
36558,2174
36566,2960
36574,2742
36582,1743
36590,1456
36598,1296
36606,1479
36614,1681
36622,1759
36630,1776
36638,1805
36646,1811
36654,1825
36662,1870
36670,1856
36678,1882
36686,1898
36694,1903
36702,1921
36710,1939
36718,1954
36726,1982
36734,2016
36742,2036
36750,2047
36758,2066
36766,2069
36774,2070
36782,2054
36790,2032
36797,1998
36806,1938
36814,1902
36822,1894
36830,1840
36838,1807
36846,1806
36854,1829
36862,1833
36870,1805
36878,1829
36886,1843
36894,1822
36901,1773
36910,1758
36917,1749
36926,1761
36934,1755
36942,1751
36950,1803
36958,1879
36966,1939
36974,1948
36982,1922
36990,1911
36998,1856
37006,1829
37013,1812
37021,1802
37029,1758
37037,1771
37045,1770
37053,1742
37062,1755
37070,1776
37078,1782
37086,1830
37094,1828
37101,1833
37110,2306
37118,3081
37126,2582
37134,1743
37142,1499
37150,1386
37158,1581
37166,1751
37174,1831
37182,1822
37190,1843
37198,1840
37206,1863
37214,1878
37222,1885
37230,1904
37238,1918
37246,1935
37254,1927
37262,1969
37270,2011
37278,2038
37286,2034
37294,2035
37302,2032
37310,2073
37318,2086
37326,2080
37334,2083
37342,2106
37349,2075
37357,2038
37366,1978
37374,1941
37382,1920
37390,1910
37397,1906
37406,1899
37414,1901
37422,1912
37430,1904
37438,1889
37445,1894
37454,1911
37462,1920
37470,1944
37478,1923
37486,1875
37494,1840
37502,1903
37510,1999
37518,2021
37526,2033
37534,1997
37542,1961
37550,1899
37558,1871
37566,1820
37574,1780
37582,1805
37590,1790
37598,1808
37606,1825
37614,1830
37622,1837
37630,1840
37638,1865
37646,1856
37654,1902
37662,2414
37670,3187
37678,2602
37686,1724
37694,1494
37702,1410
37710,1616
37718,1767
37726,1823
37734,1856
37742,1857
37750,1871
37758,1899
37766,1874
37774,1855
37782,1908
37790,1943
37798,1947
37806,1946
37814,1955
37822,2000
37830,1989
37838,2005
37846,2005
37854,2043
37862,2053
37869,2064
37878,2091
37886,2067
37894,2032
37902,2006
37910,2000
37918,1959
37926,1929
37934,1907
37942,1887
37950,1872
37958,1851
37966,1822
37973,1867
37982,1862
37990,1811
37998,1845
38006,1826
38013,1795
38021,1783
38030,1815
38038,1818
38046,1798
38054,1863
38062,1962
38070,1990
38078,1977
38086,2020
38094,1965
38102,1907
38110,1870
38118,1840
38126,1844
38134,1818
38142,1808
38150,1776
38158,1798
38166,1794
38174,1776
38182,1791
38190,1840
38198,1783
38206,1970
38214,2645
38222,2960
38230,1955
38238,1482
38245,1377
38253,1328
38262,1554
38270,1730
38278,1770
38286,1731
38294,1762
38302,1792
38310,1801
38318,1795
38326,1835
38334,1826
38342,1842
38349,1877
38357,1905
38365,1894
38372,1938
38380,1968
38389,1983
38397,1984
38405,1978
38413,2013
38422,2015
38430,1998
38438,1984
38445,2000
38454,1942
38462,1900
38470,1854
38478,1845
38486,1843
38494,1837
38501,1812
38510,1792
38518,1787
38526,1826
38534,1822
38542,1809
38550,1847
38557,1846
38566,1839
38574,1839
38582,1834
38590,1840
38598,1917
38606,1989
38614,1998
38622,1954
38630,1952
38638,1910
38646,1860
38653,1851
38662,1840
38670,1798
38678,1797
38686,1791
38694,1783
38702,1779
38710,1769
38718,1792
38726,1824
38734,1867
38742,1858
38750,2243
38758,3003
38766,2704
38774,1746
38782,1485
38790,1350
38798,1504
38806,1689
38814,1797
38822,1842
38830,1857
38838,1850
38846,1883
38854,1871
38862,1861
38870,1884
38878,1914
38885,1900
38894,1903
38902,1903
38910,1935
38918,1947
38926,1951
38934,1977
38942,2014
38950,2023
38958,2016
38966,2047
38973,2032
38982,1990
38990,1991
38998,1969
39006,1918
39013,1887
39021,1872
39030,1860
39037,1838
39045,1853
39053,1856
39062,1861
39070,1845
39078,1873
39086,1885
39094,1853
39102,1872
39110,1895
39118,1925
39126,1911
39134,1930
39142,2000
39150,2034
39158,2062
39165,2033
39174,1997
39182,1937
39190,1882
39198,1867
39206,1839
39214,1814
39222,1824
39230,1810
39238,1826
39246,1849
39254,1833
39262,1826
39270,1875
39278,1859
39286,1942
39294,2590
39301,3226
39310,2320
39317,1687
39326,1488
39334,1444
39342,1662
39350,1808
39358,1866
39366,1866
39373,1873
39382,1878
39390,1918
39398,1935
39406,1938
39414,1990
39422,1995
39429,1979
39438,2006
39445,2013
39453,2039
39462,2059
39470,2070
39478,2074
39486,2086
39494,2094
39502,2102
39510,2091
39518,2078
39526,2064
39534,2018
39542,1981
39550,1962
39558,1934
39566,1885
39573,1840
39582,1840
39590,1840
39598,1869
39606,1858
39614,1867
39622,1884
39630,1883
39638,1859
39646,1849
39654,1838
39662,1840
39670,1845
39678,1872
39686,1935
39694,1995
39702,2042
39710,2023
39717,1972
39725,1935
39733,1859
39742,1817
39750,1803
39758,1802
39766,1778
39774,1744
39782,1783
39790,1776
39798,1797
39805,1798
39814,1831
39822,1813
39830,1827
39838,2291
39846,3088
39854,2605
39862,1730
39870,1498
39878,1381
39886,1626
39894,1835
39902,1890
39910,1887
39918,1886
39926,1888
39934,1863
39942,1850
39950,1850
39958,1935
39966,1974
39974,1995
39982,2009
39990,2011
39998,2032
40006,2031
40013,2066
40021,2075
40029,2067
40037,2118
40046,2151
40054,2160
40062,2122
40070,2080
40078,2006
40085,1999
40094,1945
40101,1879
40110,1865
40118,1857
40126,1873
40134,1870
40142,1859
40150,1869
40158,1857
40166,1847
40174,1834
40182,1839
40190,1822
40198,1840
40206,1857
40214,1808
40222,1779
40230,1775
40238,1815
40246,1850
40254,1937
40262,1968
40270,1942
40278,1878
40286,1794
40294,1765
40302,1777
40309,1762
40318,1782
40326,1742
40334,1720
40342,1698
40350,1717
40358,1739
40366,1745
40373,1794
40382,1744
40390,2033
40398,2823
40406,2921
40414,1823
40422,1452
40430,1315
40438,1382
40446,1596
40453,1718
40462,1748
40470,1734
40478,1737
40486,1721
40494,1765
40502,1761
40510,1749
40518,1791
40526,1808
40534,1861
40542,1871
40549,1841
40558,1867
40566,1866
40573,1890
40582,1904
40590,1901
40598,1969
40606,2010
40614,1991
40621,1952
40630,1856
40638,1855
40646,1804
40654,1776
40662,1747
40669,1709
40678,1718
40686,1744
40694,1722
40702,1710
40710,1723
40718,1712
40726,1715
40734,1743
40742,1744
40750,1754
40758,1729
40766,1675
40774,1694
40782,1761
40790,1834
40798,1898
40806,1927
40814,1885
40822,1909
40830,1830
40837,1809
40846,1812
40853,1777
40862,1757
40870,1780
40878,1808
40886,1785
40894,1749
40902,1763
40910,1790
40918,1845
40926,1808
40934,1871
40941,2454
40949,3094
40958,2320
40965,1584
40974,1420
40982,1328
40990,1520
40998,1680
41006,1791
41013,1807
41022,1827
41030,1840
41037,1862
41045,1856
41053,1847
41062,1895
41069,1905
41078,1911
41086,1938
41094,1959
41102,1974
41110,1970
41117,1984
41126,1998
41134,2004
41142,2025
41150,2016
41157,2026
41166,2029
41174,2017
41181,1968
41190,1939
41198,1919
41206,1869
41214,1886
41222,1871
41230,1862
41238,1904
41246,1872
41254,1874
41262,1882
41269,1826
41277,1857
41286,1904
41294,1872
41302,1936
41310,1971
41318,1934
41326,1943
41334,2026
41342,2047
41350,2079
41358,2064
41366,2037
41373,1958
41381,1927
41389,1901
41397,1881
41406,1887
41414,1871
41421,1866
41430,1898
41437,1867
41446,1869
41453,1919
41462,1954
41470,1879
41478,2019
41486,2674
41494,3274
41502,2342
41510,1653
41518,1479
41526,1461
41534,1680
41542,1839
41550,1898
41558,1934
41566,1929
41574,1953
41582,1997
41590,2017
41598,2002
41606,2010
41614,2034
41622,2037
41629,2036
41638,2037
41646,2072
41654,2068
41662,2090
41670,2114
41678,2128
41685,2125
41694,2131
41701,2106
41710,2107
41718,2091
41726,2059
41734,2071
41742,2047
41750,1974
41758,1927
41766,1929
41774,1921
41782,1936
41790,1934
41798,1902
41806,1936
41813,1953
41821,1859
41830,1855
41838,1877
41845,1906
41854,1911
41862,1899
41870,1897
41878,1947
41887,2017
41892,2013
41900,2013
41908,2000
41917,1997
41925,1921
41933,1904
41941,1858
41949,1888
41957,1887
41965,1855
41974,1849
41981,1832
41990,1859
41998,1859
42006,1910
42013,1938
42021,1879
42029,2118
42037,2838
42046,3055
42053,2069
42061,1637
42068,1422
42077,1490
42085,1690
42093,1829
42101,1890
42109,1910
42117,1925
42126,1929
42134,1936
42142,1914
42150,1913
42158,1895
42166,1935
42174,1979
42182,1981
42190,1978
42198,2022
42206,2029
42214,2029
42221,2034
42230,2045
42238,2078
42246,2096
42254,2034
42262,2009
42270,1979
42278,1977
42286,1931
42294,1921
42302,1881
42310,1905
42318,1872
42326,1854
42334,1872
42342,1895
42350,1890
42358,1909
42366,1904
42374,1871
42382,1856
42390,1891
42398,1872
42406,1872
42414,1853
42422,1783
42430,1805
42438,1904
42446,1933
42454,1968
42462,1958
42470,1917
42478,1871
42485,1843
42494,1814
42502,1807
42510,1808
42518,1771
42526,1748
42534,1755
42542,1771
42550,1751
42557,1789
42566,1791
42573,1805
42582,1795
42590,2295
42598,3122
42606,2591
42614,1680
42622,1431
42630,1393
42638,1586
42646,1769
42654,1806
42662,1783
42670,1778
42678,1787
42686,1791
42694,1838
42702,1835
42710,1853
42718,1887
42726,1876
42734,1893
42742,1903
42749,1949
42758,1977
42766,1941
42774,1938
42782,1934
42790,1936
42798,2019
42806,2058
42814,2066
42822,2037
42830,1982
42838,1950
42846,1897
42854,1845
42862,1830
42870,1861
42878,1868
42886,1877
42894,1855
42902,1829
42909,1792
42917,1770
42925,1787
42933,1779
42942,1785
42949,1763
42957,1759
42966,1760
42974,1754
42981,1773
42990,1788
42998,1857
43006,1905
43013,1925
43021,1904
43029,1874
43037,1821
43046,1813
43053,1786
43062,1750
43070,1739
43078,1746
43086,1777
43094,1729
43102,1743
43110,1761
43118,1765
43126,1798
43134,1776
43142,1887
43150,2490
43158,3141
43166,2287
43174,1505
43182,1390
43190,1297
43197,1507
43205,1701
43213,1766
43221,1741
43229,1791
43237,1808
43245,1793
43253,1803
43260,1844
43268,1840
43276,1855
43284,1890
43292,1930
43300,1935
43308,1930
43316,1950
43324,1978
43332,1986
43340,1979
43348,1972
43356,1981
43364,2010
43372,1958
43380,1957
43388,1936
43396,1907
43404,1877
43413,1830
43421,1793
43428,1798
43436,1778
43444,1762
43453,1787
43461,1776
43469,1793
43477,1786
43485,1799
43494,1787
43502,1808
43510,1804
43517,1813
43525,1782
43533,1823
43542,1885
43550,1939
43558,1943
43565,1930
43573,1910
43581,1890
43589,1862
43597,1843
43605,1801
43613,1792
43622,1811
43629,1772
43637,1726
43646,1725
43653,1755
43661,1750
43668,1776
43676,1792
43684,1906
43692,2381
43700,3063
43708,2453
43716,1635
43724,1491
43732,1376
43740,1534
43749,1727
43757,1802
43765,1797
43773,1806
43781,1857
43789,1872
43797,1891
43805,1904
43813,1932
43821,1930
43829,1968
43838,1965
43846,1965
43854,1977
43862,2003
43870,2026
43878,2016
43886,2029
43894,2013
43902,2064
43910,2123
43918,2110
43926,2035
43934,2018
43941,1997
43950,1953
43958,1939
43966,1979
43974,1961
43982,1919
43990,1907
43998,1885
44005,1918
44013,1873
44021,1935
44029,1946
44037,1922
44045,1914
44053,1904
44061,1887
44069,1885
44077,1961
44085,2023
44093,2052
44101,2077
44110,2042
44118,2000
44126,1916
44134,1886
44142,1852
44150,1842
44158,1824
44166,1797
44174,1831
44182,1835
44190,1850
44198,1846
44206,1858
44214,1904
44222,1830
44230,2082
44238,2843
44246,2999
44254,1984
44262,1575
44270,1392
44278,1488
44286,1675
44294,1792
44302,1810
44310,1839
44318,1835
44326,1853
44333,1872
44342,1904
44350,1925
44358,1908
44366,1979
44374,1997
44382,2015
44390,2000
44398,2032
44406,2064
44414,2058
44422,2071
44430,2084
44438,2091
44445,2081
44454,2081
44462,2096
44470,2064
44478,2031
44485,1993
44494,1918
44502,1903
44510,1881
44518,1903
44525,1857
44534,1853
44542,1871
44550,1872
44558,1872
44566,1872
44574,1847
44582,1829
44590,1817
44598,1800
44606,1777
44614,1770
44622,1823
44630,1894
44638,1918
44646,1957
44654,1930
44662,1936
44670,1904
44678,1860
44686,1872
44694,1815
44702,1806
44710,1798
44718,1799
44726,1777
44734,1771
44742,1795
44750,1797
44758,1850
44766,1840
44774,1861
44782,2479
44790,3136
44798,2320
44806,1637
44814,1423
44822,1414
44830,1618
44838,1762
44846,1813
44854,1815
44862,1817
44869,1843
44878,1878
44886,1849
44894,1872
44902,1892
44910,1910
44918,1895
44926,1904
44934,1935
44942,1952
44950,1967
44958,1991
44966,2014
44974,2032
44982,2057
44990,2032
44998,2033
45006,2034
45013,2046
45021,1962
45029,1925
45037,1907
45045,1875
45053,1843
45062,1827
45070,1828
45078,1810
45085,1831
45094,1837
45102,1853
45110,1840
45118,1842
45126,1859
45134,1827
45142,1794
45150,1831
45158,1840
45166,1819
45174,1854
45182,1934
45190,1998
45198,2006
45206,1977
45214,1975
45222,1907
45230,1870
45238,1850
45246,1818
45254,1783
45262,1808
45270,1808
45278,1801
45286,1799
45294,1865
45302,1835
45310,1831
45318,1840
45326,1847
45334,2400
45342,3159
45350,2503
45358,1696
45366,1467
45374,1406
45381,1606
45389,1762
45397,1825
45405,1837
45413,1853
45421,1879
45429,1870
45437,1861
45445,1926
45452,1942
45460,1921
45468,1961
45476,1925
45484,1918
45492,1951
45500,1972
45508,1987
45516,2016
45524,2017
45533,2032
45541,2087
45549,2078
45557,2062
45565,2058
45573,2025
45581,1964
45589,1930
45597,1871
45606,1830
45614,1795
45622,1829
45630,1767
45638,1776
45646,1783
45654,1753
45662,1758
45670,1781
45678,1783
45686,1772
45694,1776
45702,1787
45710,1789
45718,1776
45726,1815
45734,1854
45742,1948
45750,2030
45758,1984
45766,1965
45774,1925
45782,1893
45790,1865
45798,1840
45806,1823
45814,1785
45822,1751
45830,1738
45838,1739
45846,1747
45854,1751
45862,1775
45870,1728
45878,1814
45886,2352
45894,2960
45902,2391
45910,1563
45918,1374
45926,1294
45932,1458
45940,1651
45948,1686
45956,1709
45965,1731
45973,1753
45981,1744
45989,1776
45998,1843
46006,1859
46014,1889
46021,1891
46029,1904
46038,1919
46045,1936
46054,1947
46062,1960
46070,1977
46078,1991
46086,1983
46094,1901
46101,1937
46109,1968
46117,2016
46126,1972
46134,1917
46142,1860
46150,1869
46158,1869
46166,1878
46174,1858
46182,1867
46190,1822
46198,1805
46206,1808
46214,1795
46222,1813
46230,1793
46238,1772
46246,1793
46254,1791
46262,1821
46270,1874
46278,1921
46286,1999
46294,2015
46302,1967
46310,1986
46318,1875
46326,1865
46334,1889
46342,1793
46350,1826
46358,1836
46366,1794
46374,1787
46382,1798
46389,1808
46398,1862
46406,1854
46414,1792
46422,1975
46430,2615
46438,3125
46446,2167
46454,1553
46462,1439
46470,1380
46478,1596
46486,1743
46494,1807
46501,1818
46510,1889
46518,1910
46526,1933
46534,1951
46542,1957
46550,1963
46557,1985
46566,1999
46574,2009
46582,1999
46590,2018
46598,2017
46606,2030
46614,2079
46622,2097
46630,2098
46638,2119
46646,2130
46654,2141
46662,2114
46670,2062
46678,2034
46686,2000
46694,2000
46702,1983
46710,1954
46718,1956
46726,1946
46734,1931
46742,1954
46750,1956
46758,1982
46766,1969
46774,1966
46782,1958
46790,1941
46798,1943
46806,1987
46814,2067
46822,2103
46830,2161
46838,2119
46846,2069
46854,1999
46862,1958
46870,1943
46878,1915
46886,1886
46894,1886
46902,1872
46910,1871
46918,1840
46926,1835
46934,1845
46942,1898
46950,1894
46958,1907
46966,2351
46974,3151
46982,2704
46989,1714
46998,1479
47006,1403
47013,1589
47022,1746
47030,1826
47037,1828
47046,1867
47054,1877
47062,1867
47069,1908
47078,1936
47086,1973
47094,1941
47102,1983
47110,1983
47118,1974
47126,1968
47134,2002
47142,2010
47149,2005
47158,2011
47166,2006
47174,2047
47182,2080
47190,2109
47198,2143
47206,2109
47214,2031
47222,1975
47230,1963
47238,1920
47246,1942
47254,1922
47262,1919
47270,1887
47278,1869
47286,1902
47294,1898
47302,1927
47310,1867
47318,1840
47326,1881
47334,1884
47342,1890
47349,1904
47358,1923
47366,2006
47374,2046
47382,2038
47390,2016
47398,1998
47405,1934
47413,1899
47422,1874
47430,1867
47438,1829
47446,1840
47454,1824
47462,1838
47469,1814
47478,1798
47486,1856
47494,1895
47502,1856
47510,2237
47518,2994
47526,2704
47534,1759
47542,1501
47550,1383
47558,1580
47566,1712
47573,1765
47582,1791
47590,1837
47598,1855
47606,1845
47614,1834
47622,1904
47630,1897
47638,1897
47646,1909
47654,1905
47662,1936
47670,1925
47678,1965
47686,2007
47693,2007
47702,1999
47710,2034
47718,2044
47726,2047
47734,2070
47742,2047
47750,2012
47758,1988
47766,1963
47774,1936
47782,1894
47790,1823
47798,1783
47806,1805
47814,1851
47822,1871
47830,1840
47838,1811
47846,1801
47854,1786
47862,1806
47870,1809
47878,1750
47886,1741
47894,1754
47902,1776
47910,1831
47918,1926
47926,1962
47934,1910
47942,1898
47950,1858
47958,1802
47966,1758
47974,1714
47982,1721
47989,1745
47998,1744
48006,1744
48013,1747
48022,1777
48030,1753
48038,1766
48046,1823
48053,1797
48062,2123
48070,2896
48078,2848
48086,1812
48094,1469
48102,1333
48110,1427
48117,1605
48126,1709
48134,1759
48142,1760
48150,1781
48158,1808
48166,1828
48174,1840
48182,1847
48190,1845
48198,1866
48206,1888
48214,1901
48222,1919
48230,1934
48238,1959
48246,1931
48254,1923
48262,1939
48270,1968
48278,1983
48286,1998
48294,1986
48302,1953
48310,1924
48318,1872
48326,1849
48334,1805
48342,1782
48350,1771
48358,1770
48366,1745
48374,1759
48382,1791
48390,1765
48397,1759
48406,1778
48413,1776
48421,1797
48430,1801
48438,1776
48446,1753
48454,1776
48462,1869
48470,1915
48478,1898
48486,1861
48494,1916
48502,1862
48510,1826
48518,1785
48526,1760
48534,1744
48542,1755
48550,1789
48558,1753
48566,1739
48574,1765
48582,1779
48589,1808
48598,1789
48606,1873
48614,2439
48622,3063
48630,2267
48638,1535
48646,1434
48654,1328
48662,1520
48670,1712
48678,1774
48686,1783
48694,1794
48702,1802
48710,1808
48718,1807
48726,1809
48734,1821
48742,1805
48750,1831
48758,1873
48766,1889
48774,1924
48782,1962
48790,1967
48798,1935
48806,1963
48814,1985
48822,2000
48830,2037
48838,2010
48846,1983
48854,1959
48862,1914
48870,1898
48877,1897
48886,1840
48894,1813
48902,1820
48910,1794
48918,1782
48926,1810
48934,1812
48942,1827
48950,1840
48957,1856
48966,1863
48974,1875
48982,1893
48990,1879
48998,1899
49006,1968
49013,2005
49021,2045
49029,1973
49037,1937
49046,1888
49054,1861
49062,1808
49070,1791
49078,1763
49086,1744
49094,1750
49102,1747
49110,1739
49117,1777
49126,1802
49134,1818
49142,1768
49150,1973
49158,2624
49166,3119
49174,2177
49182,1569
49190,1402
49198,1387
49206,1623
49214,1786
49222,1827
49230,1803
49237,1831
49246,1872
49254,1885
49262,1873
49269,1902
49278,1920
49286,1938
49294,1947
49302,1968
49310,1997
49318,1999
49326,1974
49334,1968
49342,1979
49349,1985
49358,2011
49366,2013
49374,2000
49382,2007
49390,2029
49398,1990
49406,1978
49414,2014
49422,1962
49430,1904
49437,1888
49446,1890
49453,1858
49461,1808
49470,1810
49478,1811
49486,1839
49494,1824
49502,1812
49510,1839
49518,1845
49526,1894
49534,1861
49542,1905
49550,1965
49558,2002
49566,2025
49574,1989
49582,1959
49590,1930
49598,1904
49606,1904
49614,1843
49622,1805
49630,1811
49638,1776
49646,1755
49654,1771
49662,1809
49670,1789
49678,1815
49686,1883
49694,1831
49702,2154
49710,2925
49718,2807
49726,1839
49734,1485
49742,1344
49750,1474
49758,1706
49766,1810
49774,1791
49782,1813
49790,1841
49798,1810
49806,1837
49814,1856
49822,1854
49830,1870
49838,1900
49846,1922
49854,1935
49862,1966
49870,1994
49878,2039
49886,2063
49894,2093
49902,2091
49910,2064
49918,2055
49926,2056
49934,2006
49942,2016
49950,2000
49958,1961
49966,1904
49974,1872
49982,1879
49990,1892
49998,1856
50006,1815
50014,1835
50021,1851
50030,1868
50037,1853
50046,1846
50054,1867
50062,1872
50070,1818
50078,1817
50086,1808
50094,1817
50102,1890
50110,1971
50118,1998
50126,2046
50134,2000
50142,1949
50150,1883
50158,1850
50166,1813
50174,1834
50182,1839
50190,1827
50198,1825
50206,1803
50214,1775
50222,1792
50230,1821
50238,1821
50246,1871
50254,1907
50262,2479
50270,3182
50278,2435
50286,1687
50294,1460
50302,1458
50310,1633
50318,1744
50326,1798
50334,1805
50342,1845
50350,1883
50358,1898
50366,1895
50374,1904
50382,1887
50390,1893
50398,1890
50406,1887
50414,1897
50422,1929
50430,1951
50438,1955
50446,1975
50454,1987
50462,2019
50470,2064
50478,2058
50486,2041
50494,2014
50502,1983
50510,1949
50518,1907
50526,1882
50534,1854
50542,1851
50550,1857
50558,1846
50566,1829
50574,1811
50582,1806
50590,1809
50598,1803
50606,1831
50614,1875
50622,1872
50630,1873
50638,1859
50646,1825
50654,1839
50662,1918
50670,1984
50678,2018
50686,2012
50694,1975
50702,1926
50710,1901
50718,1886
50726,1831
50734,1797
50742,1791
50750,1772
50758,1756
50766,1776
50774,1785
50782,1811
50790,1789
50798,1807
50806,1770
50814,2166
50822,2921
50830,2704
50838,1651
50846,1403
50854,1219
50862,1309
50870,1520
50878,1665
50886,1696
50894,1723
50902,1767
50910,1754
50918,1745
50926,1743
50934,1742
50942,1776
50950,1813
50958,1826
50966,1837
50974,1856
50982,1866
50990,1891
50998,1909
51006,1929
51013,1926
51022,1947
51029,1936
51038,1968
51045,1950
51053,1936
51060,1938
51069,1917
51077,1907
51085,1879
51093,1856
51101,1829
51109,1823
51117,1831
51126,1850
51134,1852
51142,1870
51150,1839
51158,1792
51166,1807
51174,1842
51182,1877
51190,1871
51198,1887
51206,1942
51214,2020
51222,2032
51230,2109
51238,2080
51246,2031
51254,1968
51262,1922
51270,1902
51278,1905
51286,1906
51294,1889
51302,1867
51310,1872
51318,1867
51326,1889
51334,1885
51342,1879
51350,1732
51358,1962
51365,2620
51374,2866
51382,1883
51390,1427
51398,1331
51406,1395
51414,1604
51422,1728
51430,1774
51438,1730
51446,1808
51454,1840
51462,1845
51470,1842
51478,1910
51486,1917
51494,1936
51502,1921
51510,1903
51518,1951
51526,1958
51534,1935
51542,1993
51550,2022
51558,2055
51566,2064
51574,2059
51582,2055
51590,2022
51598,2061
51606,2018
51614,1981
51621,1959
51630,1926
51637,1875
51645,1855
51654,1870
51662,1883
51670,1867
51678,1885
51686,1868
51693,1872
51702,1881
51710,1881
51718,1883
51726,1858
51734,1854
51742,1876
51750,1936
51758,1973
51766,2038
51774,2000
51782,1981
51790,1936
51798,1872
51806,1844
51814,1841
51822,1810
51830,1838
51838,1814
51846,1807
51854,1809
51862,1809
51870,1819
51878,1833
51886,1844
51894,1849
51902,2330
51910,3098
51918,2659
51926,1712
51934,1458
51942,1323
51950,1521
51958,1762
51966,1809
51974,1811
51982,1824
51990,1859
51998,1864
52006,1875
52013,1898
52021,1961
52029,1979
52037,1996
52046,2006
52054,2002
52062,2026
52070,2039
52078,2027
52086,2055
52094,2074
52102,2063
52110,2055
52118,2047
52126,2071
52134,2016
52142,1974
52150,1955
52158,1929
52165,1927
52174,1887
52182,1889
52190,1855
52198,1841
52206,1861
52214,1871
52222,1872
52229,1894
52238,1840
52246,1831
52254,1851
52262,1877
52270,1855
52278,1891
52286,1914
52293,1953
52302,1974
52310,1994
52318,1984
52326,1939
52334,1919
52342,1870
52350,1838
52358,1808
52365,1789
52374,1777
52382,1801
52390,1819
52398,1813
52406,1819
52414,1821
52422,1857
52429,1901
52438,1847
52445,2102
52453,2870
52462,2942
52470,1919
52478,1535
52486,1397
52494,1522
52502,1712
52510,1811
52518,1826
52525,1810
52533,1839
52542,1837
52549,1855
52557,1859
52566,1821
52574,1856
52582,1909
52590,1936
52598,1966
52606,1984
52613,1995
52621,2032
52629,2000
52637,1997
52646,2037
52654,2032
52662,2061
52670,2063
52678,2023
52686,1995
52694,1965
52702,1933
52709,1862
52718,1865
52725,1863
52734,1859
52741,1839
52750,1807
52758,1808
52766,1815
52774,1822
52782,1817
52790,1833
52798,1835
52806,1847
52814,1824
52821,1827
52830,1814
52838,1841
52846,1924
52853,1969
52862,1990
52870,1963
52878,1959
52886,1951
52894,1883
52902,1827
52910,1810
52918,1809
52926,1777
52934,1755
52941,1733
52950,1734
52958,1753
52966,1754
52974,1794
52982,1819
52990,1808
52998,2111
53006,2864
53013,2958
53021,1872
53029,1518
53038,1401
53046,1482
53054,1680
53062,1797
53069,1795
53078,1849
53085,1849
53094,1837
53102,1847
53110,1868
53118,1872
53126,1896
53134,1904
53142,1920
53150,1921
53158,1926
53165,1936
53173,1967
53181,1996
53190,1984
53197,2003
53205,2032
53213,2023
53221,2022
53229,2000
53237,1965
53245,1927
53254,1910
53261,1855
53268,1835
53276,1838
53284,1804
53292,1795
53300,1832
53308,1807
53316,1809
53324,1827
53332,1807
53340,1773
53348,1806
53356,1806
53364,1827
53372,1803
53380,1811
53388,1825
53396,1857
53404,1915
53412,1987
53420,2009
53429,1954
53436,1904
53444,1840
53453,1799
53460,1774
53469,1770
53477,1771
53485,1739
53492,1742
53501,1727
53509,1716
53518,1733
53525,1738
53533,1777
53541,1742
53550,1986
53558,2667
53566,2870
53573,1855
53581,1456
53590,1321
53598,1308
53606,1580
53614,1712
53622,1767
53630,1776
53638,1801
53646,1821
53654,1840
53662,1858
53669,1809
53676,1799
53685,1864
53692,1872
53700,1866
53708,1879
53716,1898
53725,1922
53733,1945
53742,1962
53750,1987
53758,1996
53765,1993
53774,1993
53782,1979
53789,1958
53797,1902
53806,1915
53814,1878
53822,1840
53830,1828
53838,1831
53846,1805
53854,1805
53862,1803
53870,1820
53878,1799
53885,1789
53894,1808
53902,1834
53910,1825
53918,1829
53926,1851
53934,1815
53942,1847
53950,1922
53958,1966
53966,2030
53974,2011
53982,1987
53990,1924
53998,1904
54006,1914
54013,1875
54021,1850
54029,1819
54037,1829
54045,1844
54054,1851
54062,1856
54070,1850
54078,1885
54086,1891
54094,1931
54102,2454
54110,3159
54118,2462
54126,1647
54134,1481
54142,1377
54150,1584
54158,1772
54166,1843
54174,1826
54182,1860
54189,1879
54197,1883
54206,1924
54214,1932
54222,1929
54229,1961
54238,1985
54245,1957
54254,1995
54262,2016
54270,2037
54277,2043
54286,2089
54294,2110
54302,2090
54309,2082
54317,2118
54325,2096
54334,2081
54342,2046
54350,1987
54358,1973
54366,1943
54374,1911
54382,1886
54390,1862
54398,1853
54406,1866
54414,1866
54421,1893
54430,1904
54438,1895
54446,1885
54453,1875
54462,1855
54470,1872
54478,1875
54486,1922
54494,1991
54502,2046
54510,2021
54518,1978
54526,1930
54534,1900
54542,1894
54550,1843
54558,1802
54566,1814
54573,1839
54582,1798
54589,1797
54597,1813
54606,1841
54613,1841
54622,1872
54630,1818
54638,2081
54646,2830
54654,2907
54662,1855
54670,1514
54678,1363
54685,1465
54693,1687
54701,1804
54708,1841
54716,1857
54724,1882
54732,1919
54740,1934
54748,1904
54756,1911
54765,1927
54773,1929
54781,1958
54789,1982
54798,2006
54806,2027
54814,2035
54822,2036
54830,2043
54838,2064
54846,2106
54854,2092
54861,2085
54870,2064
54878,2026
54885,1997
54894,1981
54902,1925
54910,1879
54918,1870
54926,1847
54933,1858
54942,1877
54950,1868
54957,1851
54966,1862
54974,1852
54982,1843
54990,1827
54998,1808
55006,1812
55013,1820
55021,1838
55029,1885
55037,1945
55045,1974
55053,1948
55062,1937
55070,1878
55078,1802
55085,1808
55093,1751
55102,1731
55110,1735
55117,1729
55126,1726
55134,1741
55142,1750
55150,1783
55158,1802
55166,1860
55174,1789
55181,2038
55190,2778
55198,2846
55205,1846
55214,1486
55222,1357
55230,1444
55238,1639
55246,1741
55254,1759
55262,1793
55270,1810
55278,1840
55286,1835
55294,1822
55302,1841
55310,1817
55318,1831
55326,1859
55334,1904
55342,1910
55350,1933
55358,1942
55366,1968
55373,2000
55382,2032
55390,2062
55398,2058
55406,2122
55414,2039
55422,1999
55430,1954
55437,1899
55446,1879
55453,1870
55461,1872
55469,1879
55478,1827
55486,1841
55494,1866
55502,1868
55510,1868
55517,1872
55525,1867
55533,1821
55541,1830
55549,1842
55557,1823
55565,1826
55572,1836
55580,1872
55588,1936
55596,1990
55604,1985
55612,1935
55620,1918
55628,1839
55636,1797
55645,1761
55653,1762
55660,1760
55669,1787
55677,1792
55685,1760
55693,1776
55701,1776
55709,1792
55718,1838
55726,1793
55734,2047
55742,2781
55750,2967
55758,1910
55766,1514
55774,1369
55781,1392
55790,1615
55798,1793
55806,1803
55814,1782
55822,1789
55830,1840
55838,1878
55846,1879
55854,1891
55862,1905
55870,1906
55878,1895
55886,1915
55894,1931
55901,1955
55909,1970
55917,1985
55926,2021
55934,2015
55942,2034
55950,2059
55958,2064
55966,1999
55974,1963
55982,1959
55989,1942
55997,1888
56005,1865
56013,1846
56021,1821
56029,1792
56037,1817
56046,1793
56053,1808
56062,1785
56070,1755
56078,1808
56086,1826
56094,1813
56102,1802
56110,1797
56118,1808
56126,1852
56134,1903
56142,1961
56150,1959
56158,1920
56166,1868
56174,1792
56182,1779
56190,1744
56198,1721
56206,1735
56214,1730
56222,1742
56230,1731
56238,1729
56246,1767
56254,1739
56262,1797
56269,1737
56278,2031
56286,2722
56294,2803
56302,1767
56310,1430
56318,1310
56326,1319
56334,1578
56342,1715
56350,1757
56358,1759
56366,1786
56374,1799
56382,1827
56389,1831
56398,1814
56405,1838
56413,1873
56422,1926
56430,1925
56438,1954
56446,1954
56453,1990
56461,2033
56470,2019
56478,2042
56486,2065
56494,2070
56502,2035
56510,2029
56518,2053
56526,1973
56533,1931
56542,1909
56550,1902
56558,1862
56566,1839
56574,1830
56582,1842
56590,1860
56598,1893
56605,1901
56614,1901
56622,1889
56630,1841
56638,1833
56646,1867
56654,1905
56662,1954
56669,2115
56678,2165
56686,2191
56694,2129
56702,2101
56710,2002
56717,1951
56726,1840
56734,1839
56742,1805
56750,1817
56758,1836
56766,1840
56774,1852
56782,1853
56790,1835
56798,1886
56806,1854
56813,2023
56822,2700
56830,3097
56838,2105
56846,1581
56854,1399
56862,1424
56870,1638
56877,1728
56886,1767
56894,1815
56902,1845
56910,1855
56918,1863
56926,1866
56934,1872
56942,1912
56950,1903
56958,1911
56966,1942
56974,1967
56982,1994
56990,1991
56998,1998
57006,2017
57013,2034
57021,2080
57029,2094
57037,2098
57046,2078
57054,2059
57062,2003
57070,1955
57078,1916
57086,1930
57094,1904
57102,1917
57110,1920
57117,1873
57126,1871
57134,1872
57142,1868
57150,1910
57158,1915
57166,1872
57174,1856
57182,1866
57190,1885
57198,1867
57206,1931
57214,2002
57222,2032
57230,2017
57238,1985
57246,1925
57254,1871
57262,1889
57270,1864
57277,1840
57286,1847
57293,1846
57302,1825
57310,1825
57318,1797
57325,1835
57334,1857
57342,1900
57350,1840
57358,2089
57366,2826
57374,2934
57382,1936
57390,1567
57398,1437
57405,1531
57414,1707
57422,1819
57430,1840
57438,1842
57446,1854
57454,1840
57462,1868
57469,1902
57478,1922
57486,1909
57494,1937
57501,1943
57510,1948
57518,1968
57526,2013
57534,2032
57542,2047
57550,2037
57558,2069
57566,2081
57574,2063
57582,2054
57590,2039
57597,2022
57606,1994
57614,1915
57622,1871
57630,1850
57638,1826
57646,1814
57654,1801
57662,1812
57670,1811
57678,1807
57685,1827
57694,1814
57702,1837
57710,1833
57718,1808
57726,1792
57734,1787
57742,1781
57750,1809
57758,1875
57765,1902
57773,1942
57782,1937
57790,1929
57798,1892
57806,1849
57814,1831
57822,1796
57830,1777
57838,1774
57846,1780
57854,1786
57862,1749
57870,1724
57878,1731
57885,1742
57894,1781
57902,1757
57910,1935
57918,2639
57926,2861
57934,1845
57942,1442
57950,1296
57958,1346
57965,1557
57974,1674
57982,1754
57990,1760
57998,1776
58006,1762
58013,1755
58021,1767
58029,1796
58037,1805
58046,1831
58053,1819
58062,1869
58070,1904
58078,1902
58086,1922
58094,1941
58102,1972
58110,1979
58118,1971
58126,1991
58134,1991
58141,1968
58149,1974
58158,1920
58166,1903
58174,1855
58182,1818
58189,1817
58197,1818
58205,1813
58213,1815
58222,1807
58230,1811
58238,1797
58246,1791
58254,1808
58262,1808
58269,1802
58278,1798
58285,1811
58294,1809
58302,1792
58310,1856
58318,1924
58326,1968
58334,2000
58342,1953
58349,1906
58358,1858
58366,1849
58374,1826
58382,1776
58390,1749
58398,1744
58406,1776
58414,1776
58422,1776
58429,1757
58438,1776
58446,1835
58454,1867
58462,2170
58469,2799
58477,3021
58486,1995
58494,1600
58502,1479
58509,1345
58518,1555
58525,1735
58533,1787
58541,1760
58549,1781
58558,1765
58566,1783
58574,1855
58582,1857
58590,1849
58598,1863
58606,1870
58614,1878
58621,1889
58630,1907
58638,1910
58645,1923
58654,1954
58662,1956
58670,1998
58678,2027
58686,2014
58694,1970
58702,2001
58710,2000
58718,1959
58726,1919
58734,1871
58742,1855
58750,1821
58757,1821
58766,1837
58774,1813
58781,1808
58790,1817
58798,1818
58806,1836
58814,1851
58822,1846
58829,1835
58838,1844
58845,1856
58854,1919
58862,2020
58870,2127
58878,2129
58886,2032
58894,2009
58902,1953
58910,1945
58918,1938
58926,1925
58934,1916
58942,1872
58950,1807
58958,1797
58966,1791
58974,1799
58982,1781
58990,1808
58997,1781
59006,1909
59013,2539
59021,3017
59029,2078
59037,1514
59045,1384
59053,1328
59062,1558
59070,1739
59078,1839
59086,1875
59093,1883
59102,1867
59110,1879
59118,1915
59126,1921
59134,1927
59142,1954
59150,1935
59158,1919
59166,1935
59174,1973
59182,2011
59190,2011
59198,2031
59206,2021
59214,2014
59222,2045
59230,2101
59238,2064
59246,1994
59254,1963
59262,1950
59270,1937
59278,1915
59286,1883
59294,1834
59302,1834
59310,1854
59318,1910
59326,1919
59334,1907
59342,1882
59350,1875
59358,1882
59366,1908
59374,1920
59382,1860
59390,1876
59397,1936
59406,2001
59414,2033
59421,2031
59430,2006
59438,2018
59446,1950
59453,1937
59462,1888
59470,1855
59478,1843
59485,1822
59493,1844
59502,1897
59510,1903
59518,1913
59526,1927
59534,1940
59542,1942
59550,1972
59558,2434
59566,3161
59574,2499
59582,1712
59590,1515
59598,1430
59606,1621
59614,1792
59622,1857
59630,1889
59638,1923
59646,1930
59654,1942
59662,1952
59670,1948
59678,1966
59686,2000
59694,2000
59702,1985
59710,1991
59717,2010
59726,2015
59733,2055
59742,2077
59750,2064
59758,2069
59766,2070
59774,2064
59782,2095
59790,2064
59798,2014
59806,2000
59814,1951
59822,1921
59830,1802
59838,1745
59846,1734
59854,1739
59862,1743
59870,1744
59878,1754
59886,1754
59894,1763
59902,1761
59910,1760
59918,1776
59926,1776
59934,1794
59942,1799
59950,1872
59958,1918
59966,1922
59974,1897
59982,1854
59990,1796
59998,1776
60006,1755
